"Biomass total consumption, billion Btu",,,,,,,,,,,,,,,,,,,,,,,,,,,,,,,,,,,,,,,,,,,,,,,,,,,,,,,,,,,,,,,,,,,,,,,,,,,,,,,,,,,,,,,,,,,,,,,,,,,,
,,,,,,,,,,,,,,,,,,,,,,,,,,,,,,,,,,,,,,,,,,,,,,,,,,,,,,,,,,,,,,,,,,,,,,,,,,,,,,,,,,,,,,,,,,,,,,,,,,,,
State,1960,1961,1962,1963,1964,1965,1966,1967,1968,1969,1970,1971,1972,1973,1974,1975,1976,1977,1978,1979,1980,1981,1982,1983,1984,1985,1986,1987,1988,1989,1990,1991,1992,1993,1994,1995,1996,1997,1998,1999,2000,2001,2002,2003,2004,2005,2006,2007,2008,2009,2010,2011,2012,2013,2014,2015,2016,2017,2018,2019,2020,2021,2022,,,,,,,,,,,,,,,,,,,,,,,,,,,,,,,,,,,,,
AK,"3,681","4,145","4,246","4,383","4,728","4,863","5,035","4,671","4,705","4,893","5,029","5,287","5,079","4,871","4,922","4,894","5,224","6,106","5,920","5,986","2,723","3,046","2,875","3,348","3,917","3,967","2,259","2,923","3,103","9,188","8,169","7,954","8,753","7,067","9,659","8,941","8,774","4,308","2,233","2,168","2,069","3,445","3,540","3,494","3,783","1,197","1,249","1,426","1,447","2,770","2,888","3,299","2,298","3,660","6,494","7,532","9,183","7,805","8,233","7,671","7,344","7,193","8,535",,,,,,,,,,,,,,,,,,,,,,,,,,,,,,,,,,,,,
AL,"45,681","46,171","45,959","45,764","46,341","47,641","49,102","49,050","52,920","53,345","52,378","54,068","58,735","59,084","58,463","57,615","62,883","66,705","66,560","67,874","141,033","150,242","153,364","164,722","175,397","176,696","160,935","155,656","161,022","166,994","145,304","144,773","151,327","176,217","215,932","223,971","208,971","182,204","209,467","210,694","203,782","166,334","163,686","156,371","186,726","178,417","194,853","188,449","177,209","151,859","181,015","193,453","194,992","213,553","203,628","192,277","194,490","198,078","196,234","193,303","187,253","196,321","194,418",,,,,,,,,,,,,,,,,,,,,,,,,,,,,,,,,,,,,
AR,"37,433","36,290","36,441","36,729","36,860","35,134","35,169","33,309","33,739","34,698","34,264","34,682","36,857","37,551","36,739","35,870","41,325","51,062","52,002","45,832","52,390","55,336","55,633","60,540","63,217","62,928","61,844","61,608","63,792","86,235","71,100","71,732","76,481","85,912","82,506","82,964","87,771","86,884","81,960","82,147","83,466","66,837","72,972","80,406","75,933","81,477","84,758","89,239","79,760","89,205","102,074","105,562","103,550","106,124","105,604","95,155","93,771","93,338","94,607","92,421","73,288","71,013","72,211",,,,,,,,,,,,,,,,,,,,,,,,,,,,,,,,,,,,,
AZ,"4,013","3,837","3,672","4,028","4,089","3,695","3,679","4,180","4,147","4,389","4,339","4,526","4,782","4,574","4,783","5,414","5,816","6,838","7,129","8,291","17,835","21,469","21,635","23,644","25,139","25,558","24,043","17,521","18,365","15,620","13,741","14,585","15,095","13,871","14,181","16,652","14,706","16,421","12,302","12,492","13,376","10,389","9,319","9,573","9,704","25,335","25,421","29,420","36,719","29,481","30,114","29,754","27,209","27,187","33,300","35,324","37,641","37,887","40,027","40,777","34,315","36,314","37,579",,,,,,,,,,,,,,,,,,,,,,,,,,,,,,,,,,,,,
CA,"82,098","83,506","86,898","93,022","98,436","97,488","100,673","101,885","110,274","116,253","116,839","119,221","127,646","130,122","134,723","127,489","144,760","151,984","160,261","168,373","115,610","133,092","127,114","148,644","165,871","167,092","129,117","157,927","169,036","235,903","222,587","219,221","226,570","193,993","195,852","181,972","175,098","158,854","146,909","155,665","164,105","164,137","171,500","205,815","228,444","226,206","220,116","225,983","230,785","238,181","290,502","299,705","296,354","343,657","349,289","344,128","349,331","357,940","357,008","405,383","395,720","462,289","498,637",,,,,,,,,,,,,,,,,,,,,,,,,,,,,,,,,,,,,
CO,"6,479","6,563","6,420","6,571","6,816","6,569","6,982","7,223","7,434","7,811","8,364","8,914","10,032","10,310","9,433","9,050","10,276","12,471","15,473","16,485","10,749","14,131","14,794","16,171","17,189","18,581","20,649","13,486","14,630","12,050","11,777","13,316","12,891","13,325","12,746","13,929","16,342","17,123","15,850","15,625","16,364","13,734","12,544","13,788","14,174","12,834","15,042","19,828","24,008","27,202","30,793","33,469","32,766","36,671","37,476","41,947","44,114","44,075","44,606","47,807","39,539","40,228","44,900",,,,,,,,,,,,,,,,,,,,,,,,,,,,,,,,,,,,,
CT,"12,842","13,169","12,825","13,339","13,886","13,541","13,612","13,964","14,931","15,262","15,837","16,109","17,127","17,225","18,039","17,102","19,886","19,608","22,669","24,583","41,088","40,241","37,604","44,222","37,171","37,629","31,652","27,231","30,997","31,371","28,711","30,415","34,934","35,325","35,727","42,323","49,675","46,243","44,668","45,009","45,279","26,652","24,833","26,849","37,870","23,826","29,631","31,798","30,039","35,628","38,576","36,656","34,711","37,487","39,085","40,970","41,534","38,479","37,908","37,386","33,371","35,091","31,887",,,,,,,,,,,,,,,,,,,,,,,,,,,,,,,,,,,,,
DC,123,105,105,105,88,88,88,88,105,105,105,105,105,105,123,123,140,158,193,210,"2,849","2,312","3,654","2,564","3,226","3,327","3,049","2,229","2,382","2,514","1,282","1,347","1,411","1,945","1,848","1,850","1,921","1,377","1,220","1,257","1,352",864,878,923,939,258,606,728,545,598,"1,038","1,048",832,900,999,"1,506","1,876","1,754","1,989","2,108","1,849","1,873","1,897",,,,,,,,,,,,,,,,,,,,,,,,,,,,,,,,,,,,,
DE,"4,982","5,101","5,134","5,356","5,510","5,577","5,852","5,783","6,591","7,073","7,021","7,673","8,190","8,483","8,466","7,901","9,607","10,161","10,667","8,729","2,472","2,006","3,170","2,224","2,927","3,019","2,765","2,162","2,310","2,438","1,569","1,645","1,691","2,395","2,330","2,381","2,543","2,101","1,833","1,889","2,181","1,208","1,190","1,247","1,271","1,699","3,394","4,683","5,444","6,188","7,192","7,031","6,068","6,137","6,397","6,035","5,984","6,082","6,065","6,439","5,491","5,787","5,960",,,,,,,,,,,,,,,,,,,,,,,,,,,,,,,,,,,,,
FL,"32,690","31,611","33,321","35,838","35,983","36,798","39,739","41,567","47,044","48,627","47,974","47,318","51,917","53,820","49,804","47,568","53,819","57,416","62,995","66,926","87,819","81,817","102,795","92,271","110,474","111,939","116,654","106,526","112,284","205,324","170,933","183,237","200,092","185,167","182,190","186,456","206,119","197,033","171,827","171,638","164,155","127,398","144,188","157,615","149,032","157,664","162,048","169,327","210,030","239,189","253,868","251,217","248,455","260,909","256,189","251,294","247,498","256,365","249,308","235,145","209,534","218,140","215,099",,,,,,,,,,,,,,,,,,,,,,,,,,,,,,,,,,,,,
GA,"71,206","70,216","69,729","72,407","73,208","74,215","74,664","70,831","73,637","73,255","71,792","74,407","79,604","81,637","83,428","78,324","89,188","94,049","99,260","103,274","98,096","98,408","105,698","107,773","116,258","116,686","119,242","112,954","117,426","177,845","188,344","183,376","183,692","194,264","196,067","205,644","208,259","218,529","202,938","202,675","196,564","164,912","255,750","179,394","189,409","177,716","184,924","183,298","176,734","188,182","214,201","219,741","215,663","246,936","265,285","270,370","256,562","250,423","248,716","256,430","250,225","252,540","250,273",,,,,,,,,,,,,,,,,,,,,,,,,,,,,,,,,,,,,
HI,0,0,0,206,224,172,144,258,678,729,429,347,550,543,591,569,701,460,275,327,"11,910","12,745","12,440","14,035","14,301","14,217","16,314","17,846","19,426","26,984","25,924","25,446","24,901","24,388","20,724","19,803","19,066","17,433","16,548","16,981","15,194","7,954","7,491","9,314","9,354","9,632","10,054","9,936","12,030","12,482","10,700","11,187","10,026","11,720","11,624","12,075","13,414","10,944","10,700","9,971","8,423","9,035","8,976",,,,,,,,,,,,,,,,,,,,,,,,,,,,,,,,,,,,,
IA,"6,404","6,163","5,749","5,460","5,579","5,462","5,963","5,834","6,353","6,204","6,264","6,557","6,925","7,276","7,672","7,887","8,495","8,952","9,649","9,652","48,728","53,916","57,308","62,415","65,969","65,590","90,023","97,542","104,283","70,577","64,850","66,649","69,783","73,113","74,190","73,847","78,822","71,580","69,391","71,068","66,147","62,586","65,857","75,223","90,720","98,147","110,108","139,290","163,974","206,436","235,135","239,044","228,413","232,673","241,842","252,727","257,114","264,721","273,582","274,834","243,368","255,961","254,642",,,,,,,,,,,,,,,,,,,,,,,,,,,,,,,,,,,,,
ID,"11,354","10,813","10,825","10,560","11,059","10,361","10,269","10,300","10,659","10,620","11,476","11,181","11,368","11,209","10,332","11,103","13,792","15,540","17,065","18,844","14,646","16,321","16,085","17,969","18,432","18,744","19,410","17,002","17,771","26,775","24,350","24,416","25,784","25,189","24,060","25,630","26,166","28,607","27,359","28,093","27,857","28,446","22,446","22,969","25,928","35,321","32,954","34,984","36,210","29,231","36,489","32,630","32,242","34,284","41,189","49,425","43,520","46,151","48,031","48,977","39,485","40,177","45,099",,,,,,,,,,,,,,,,,,,,,,,,,,,,,,,,,,,,,
IL,"31,033","30,135","30,865","32,563","32,631","33,209","35,275","35,570","38,299","39,935","39,317","39,199","39,932","42,523","42,652","41,624","46,126","49,962","61,593","63,281","90,927","98,923","107,137","125,003","123,273","128,846","139,818","150,417","159,343","130,459","101,160","107,182","112,998","96,425","99,239","96,147","81,943","89,677","89,509","91,739","95,574","98,666","109,431","124,424","123,019","105,578","103,418","120,700","133,808","154,478","168,529","168,961","164,189","171,930","177,003","165,347","172,856","168,220","163,312","158,615","145,053","147,961","151,753",,,,,,,,,,,,,,,,,,,,,,,,,,,,,,,,,,,,,
IN,"23,477","23,062","23,293","23,463","22,696","22,081","23,325","22,475","23,233","23,801","23,295","22,643","26,828","27,118","27,370","26,719","31,049","34,870","42,076","47,318","51,217","53,864","54,622","63,524","60,559","65,218","66,688","71,478","75,580","64,821","55,709","57,183","56,616","48,311","46,872","49,123","44,255","40,412","38,669","42,374","41,611","46,107","49,889","51,556","51,818","57,341","48,341","60,337","89,375","96,032","110,698","115,492","105,189","115,856","120,323","121,368","127,614","126,449","130,245","121,024","113,095","125,220","125,526",,,,,,,,,,,,,,,,,,,,,,,,,,,,,,,,,,,,,
KS,"3,912","3,684","3,508","3,624","3,534","3,358","3,391","3,252","3,353","3,214","3,659","3,866","5,654","5,999","5,846","5,763","6,472","6,820","7,491","7,891","9,002","8,403","10,323","10,649","14,596","14,750","21,730","20,424","21,607","17,552","13,652","14,097","14,026","13,322","12,823","12,656","11,467","9,977","9,495","9,731","9,482","9,951","14,359","17,657","15,375","18,057","17,884","24,031","40,070","37,770","40,975","44,156","39,496","41,819","47,510","46,223","47,492","47,067","49,268","49,515","47,610","46,613","49,619",,,,,,,,,,,,,,,,,,,,,,,,,,,,,,,,,,,,,
KY,"22,418","21,538","22,130","23,192","21,760","21,678","22,592","22,511","22,928","23,353","23,719","24,859","27,438","27,910","31,187","30,821","35,344","29,568","37,550","41,737","25,284","27,999","34,572","31,669","40,577","42,440","40,254","36,128","36,965","30,923","20,277","21,060","22,118","17,276","15,791","15,948","18,997","13,508","11,476","11,764","11,972","13,024","23,396","29,560","32,224","43,843","42,921","47,678","50,683","50,342","56,732","58,823","55,051","62,326","63,853","54,807","56,695","58,734","60,201","60,484","51,629","53,974","62,233",,,,,,,,,,,,,,,,,,,,,,,,,,,,,,,,,,,,,
LA,"38,992","37,174","36,785","39,147","39,291","38,299","39,754","37,685","40,791","40,698","41,620","41,912","44,819","45,748","44,928","42,358","45,170","46,692","47,825","44,717","64,707","68,263","69,667","74,654","78,816","79,343","102,343","102,199","104,615","129,643","118,502","121,049","124,568","125,335","137,993","142,091","142,258","138,717","136,243","139,727","136,411","128,005","134,453","142,841","177,923","142,779","142,569","142,605","102,876","105,568","121,825","122,926","122,154","139,120","160,089","145,615","162,307","149,424","146,177","134,290","129,659","129,386","126,810",,,,,,,,,,,,,,,,,,,,,,,,,,,,,,,,,,,,,
MA,"42,784","44,105","45,238","45,338","47,137","48,698","49,749","49,846","53,961","55,409","57,139","53,852","50,384","50,682","52,494","48,983","55,418","58,949","65,463","69,761","70,853","68,711","64,010","75,676","61,934","62,713","65,546","57,049","59,645","62,436","52,055","54,712","57,721","60,375","63,487","63,255","65,776","61,397","55,485","54,773","58,184","40,335","37,475","39,014","41,191","35,860","46,483","50,927","48,217","56,170","63,913","63,502","60,395","65,534","66,527","65,883","66,119","61,777","59,722","58,626","49,696","52,007","51,897",,,,,,,,,,,,,,,,,,,,,,,,,,,,,,,,,,,,,
MD,"23,838","23,591","23,878","25,283","25,807","27,094","28,335","29,439","31,024","31,321","31,772","30,687","32,430","32,570","31,819","31,785","34,710","38,515","41,272","43,645","32,634","30,545","37,581","33,512","38,974","39,233","35,052","30,957","32,536","36,827","26,519","26,869","27,672","32,028","32,125","37,066","40,674","36,802","34,768","36,161","36,287","20,873","24,043","27,134","28,078","31,227","38,198","41,398","40,219","47,590","54,853","51,871","50,600","56,132","55,035","49,070","48,647","47,636","47,321","42,092","32,268","34,256","32,736",,,,,,,,,,,,,,,,,,,,,,,,,,,,,,,,,,,,,
ME,"29,178","28,844","28,994","29,001","30,076","30,050","30,605","31,635","32,693","32,785","29,478","29,616","32,322","32,490","33,864","32,705","38,004","41,017","45,596","48,018","96,018","99,961","96,140","109,362","108,141","107,924","91,360","88,489","91,780","118,406","108,995","117,335","122,617","124,594","120,409","126,184","124,116","124,454","113,231","120,655","126,280","118,708","112,129","100,126","102,313","119,065","110,410","118,454","141,367","109,305","121,675","121,039","118,384","124,043","118,906","124,772","106,511","102,138","103,513","100,261","84,993","81,806","79,199",,,,,,,,,,,,,,,,,,,,,,,,,,,,,,,,,,,,,
MI,"37,260","36,172","35,748","37,021","36,600","36,904","37,874","35,984","36,433","36,866","36,432","35,346","37,595","36,277","38,241","35,906","41,591","45,003","55,027","60,353","90,575","95,908","96,472","109,405","103,580","103,801","108,475","111,149","116,374","107,299","84,428","91,714","93,884","86,947","90,764","92,386","104,636","97,296","93,330","94,942","102,421","81,423","80,953","96,602","100,545","113,760","112,028","124,684","139,644","128,651","139,146","153,361","151,415","162,703","163,477","174,785","170,524","168,007","175,680","170,065","146,187","150,458","154,887",,,,,,,,,,,,,,,,,,,,,,,,,,,,,,,,,,,,,
MN,"25,415","24,626","24,183","23,511","23,326","23,366","22,682","23,386","23,361","23,698","23,443","23,503","24,886","25,474","26,312","27,410","29,536","29,734","39,033","44,454","46,625","46,814","48,450","51,387","55,883","58,586","55,151","51,491","54,454","55,360","51,571","54,336","61,107","65,761","68,854","73,183","71,951","78,273","76,055","81,221","87,231","89,679","86,088","88,866","98,774","99,649","103,096","119,922","128,586","145,519","168,779","167,781","162,070","160,530","175,139","178,084","178,397","172,075","178,414","178,248","153,708","160,540","167,023",,,,,,,,,,,,,,,,,,,,,,,,,,,,,,,,,,,,,
MO,"33,634","31,865","30,942","29,351","27,890","27,017","26,801","24,867","25,219","24,613","23,611","23,039","23,001","22,950","26,147","27,099","31,860","33,242","39,125","44,555","25,084","23,533","26,643","26,045","30,566","31,270","28,576","25,904","28,599","26,225","20,139","20,623","21,551","19,596","18,901","18,252","18,022","14,852","13,923","14,756","16,988","21,557","23,888","27,894","29,127","42,868","41,371","50,036","61,784","69,134","76,340","73,032","65,479","74,874","80,006","69,268","70,062","70,098","74,035","72,482","63,903","63,630","68,704",,,,,,,,,,,,,,,,,,,,,,,,,,,,,,,,,,,,,
MS,"46,565","45,532","44,673","39,154","38,448","37,759","37,816","34,261","35,452","34,609","33,527","32,841","32,432","32,195","31,279","31,152","34,819","36,230","37,576","37,510","38,097","41,070","44,643","45,071","50,468","50,892","49,196","45,439","47,412","76,395","84,840","89,472","90,783","92,863","95,092","94,256","85,599","84,113","63,943","64,858","75,116","55,795","49,338","44,948","60,823","62,397","63,042","63,940","49,751","56,058","73,892","74,485","87,564","75,915","77,061","73,235","75,939","69,989","70,021","66,182","63,626","63,833","62,508",,,,,,,,,,,,,,,,,,,,,,,,,,,,,,,,,,,,,
MT,"7,520","7,342","7,217","7,418","8,021","7,813","7,638","7,353","7,845","7,431","6,627","6,721","6,324","6,516","5,030","6,223","7,172","9,053","10,880","12,310","11,086","12,633","12,523","14,047","14,465","14,550","20,378","18,024","18,684","10,810","11,767","17,218","10,152","9,794","10,172","16,550","15,763","16,223","14,786","15,397","15,341","12,032","11,122","12,073","12,656","18,738","18,232","21,835","20,759","15,359","15,984","8,386","8,017","8,992","9,317","18,627","19,566","19,663","23,399","22,915","17,867","18,506","20,390",,,,,,,,,,,,,,,,,,,,,,,,,,,,,,,,,,,,,
NC,"73,725","70,411","69,423","70,745","69,084","67,314","68,730","66,084","68,041","67,728","65,900","66,148","68,940","68,892","67,660","66,411","78,341","91,398","102,371","109,678","78,918","77,650","86,826","85,048","93,651","94,794","87,782","81,741","85,442","94,410","97,501","76,354","100,004","105,849","113,339","111,566","112,242","109,801","104,168","104,616","107,174","104,714","94,923","115,541","92,753","93,008","101,157","87,192","136,380","128,262","142,071","149,240","148,190","157,380","155,000","147,837","147,206","150,480","146,318","145,761","140,049","135,677","132,642",,,,,,,,,,,,,,,,,,,,,,,,,,,,,,,,,,,,,
ND,473,438,403,368,368,333,333,351,351,368,386,386,386,386,421,456,473,526,526,561,"2,448","2,451","3,168","3,390","4,163","4,528","4,718","4,399","4,412","4,398","3,273","3,682","3,707","3,545","4,211","4,428","3,355","3,578","3,700","3,778","4,273","5,490","5,285","5,791","6,101","6,757","6,529","12,724","13,804","19,798","23,219","25,792","24,760","26,922","27,184","28,663","31,691","36,581","35,688","35,347","34,646","34,748","35,206",,,,,,,,,,,,,,,,,,,,,,,,,,,,,,,,,,,,,
NE,"3,108","2,948","2,675","2,573","2,311","1,901","1,848","1,743","1,673","1,603","1,567","1,602","2,582","2,669","2,652","2,775","3,138","3,398","3,794","3,933","5,903","5,603","7,067","7,360","8,816","9,582","9,116","8,501","9,024","9,918","7,757","8,422","9,884","10,376","11,008","18,477","21,620","24,589","25,179","26,697","28,044","31,405","32,589","34,722","42,026","41,346","43,059","57,824","78,385","77,950","115,584","117,400","107,554","109,254","117,619","117,972","124,277","125,011","125,851","126,116","108,390","120,169","120,376",,,,,,,,,,,,,,,,,,,,,,,,,,,,,,,,,,,,,
NH,"10,855","10,663","10,783","10,934","11,654","11,015","11,563","11,546","12,628","12,779","12,315","13,277","12,953","13,912","13,396","12,840","15,332","16,619","19,286","21,005","21,716","21,847","20,695","23,974","21,898","21,996","25,585","24,031","24,957","26,553","27,230","24,322","27,770","27,877","25,252","25,314","27,749","25,682","24,266","24,434","24,022","19,915","17,256","16,337","21,702","24,446","20,797","25,861","27,356","32,801","35,943","35,670","36,249","41,530","44,447","51,505","47,702","49,091","45,504","44,266","32,059","32,809","33,273",,,,,,,,,,,,,,,,,,,,,,,,,,,,,,,,,,,,,
NJ,"20,034","20,550","20,961","23,232","23,744","24,019","24,940","25,799","28,234","29,310","30,134","29,857","31,808","33,746","36,040","33,783","37,637","40,254","43,459","46,034","51,317","56,838","51,533","62,702","51,387","52,233","44,524","41,813","44,113","36,987","25,351","35,277","37,870","36,360","41,040","43,525","41,255","39,426","38,682","39,614","40,203","29,134","27,605","25,064","25,663","27,211","45,175","50,080","47,294","62,139","68,576","65,958","62,806","68,475","70,479","59,880","62,377","57,426","55,037","52,422","44,267","46,900","46,638",,,,,,,,,,,,,,,,,,,,,,,,,,,,,,,,,,,,,
NM,"6,628","6,383","6,119","6,012","6,201","5,627","5,504","5,312","5,259","5,014","4,858","4,679","4,536","4,221","4,153","5,343","5,991","7,036","7,677","9,220","5,245","6,812","7,214","8,267","8,947","9,185","9,389","6,882","7,557","6,826","5,892","6,168","5,962","5,098","5,225","6,322","5,672","6,402","6,929","6,613","7,237","4,349","4,421","4,315","4,323","13,129","13,095","14,687","16,895","14,996","19,233","18,818","17,651","19,515","18,898","20,762","20,999","20,388","23,161","26,318","19,707","21,098","22,888",,,,,,,,,,,,,,,,,,,,,,,,,,,,,,,,,,,,,
NV,946,929,911,894,929,876,876,912,947,999,"1,051","1,069","1,052","1,016","1,052","1,244","1,332","1,507","1,718","2,033","2,760","3,728","3,867","4,130","4,456","4,603","4,349","2,680","2,810","2,836","3,253","3,535","3,796","4,159","3,201","4,257","3,555","4,488","5,185","6,290","6,761","5,926","6,199","6,856","7,035","6,555","6,173","7,190","9,605","10,066","10,413","10,111","9,303","10,305","11,481","12,498","14,171","14,609","15,694","15,851","13,228","14,306","14,972",,,,,,,,,,,,,,,,,,,,,,,,,,,,,,,,,,,,,
NY,"59,263","57,453","57,324","57,158","56,954","58,111","58,726","57,118","60,128","61,503","62,607","60,153","59,513","59,618","62,124","60,171","69,291","74,209","84,713","94,177","129,655","143,253","130,211","158,213","129,571","131,497","118,753","110,609","116,471","119,813","97,387","95,097","104,515","117,581","122,702","124,868","141,121","179,526","160,398","166,341","175,442","111,573","107,841","112,173","140,770","113,952","122,105","132,654","150,944","115,680","129,212","135,968","132,355","140,965","145,391","159,989","157,556","159,765","164,408","162,150","133,357","140,005","141,038",,,,,,,,,,,,,,,,,,,,,,,,,,,,,,,,,,,,,
OH,"36,755","36,193","36,803","38,085","37,909","38,609","41,431","39,563","43,378","44,378","44,071","43,427","44,848","46,520","48,306","46,222","52,757","58,522","69,583","74,611","107,311","112,965","114,254","130,696","126,712","129,504","118,013","123,048","129,565","110,418","77,705","83,295","81,062","63,582","91,752","84,854","81,257","81,058","81,012","88,351","92,101","62,169","49,134","57,137","58,021","66,769","68,978","77,898","109,780","106,259","121,236","128,531","125,625","139,153","142,875","136,897","137,746","133,180","134,389","131,840","116,904","121,050","124,175",,,,,,,,,,,,,,,,,,,,,,,,,,,,,,,,,,,,,
OK,"10,185","9,519","8,940","8,642","8,170","7,607","7,729","7,032","7,537","7,239","6,979","6,833","11,704","11,683","11,342","11,997","13,317","14,489","19,149","22,757","11,200","12,156","15,590","13,549","15,471","15,586","14,557","15,280","16,005","25,306","21,420","21,066","19,677","22,946","24,095","24,537","29,277","25,268","24,732","22,772","24,097","24,140","20,700","23,198","26,567","30,442","31,642","33,981","27,112","31,525","43,757","45,595","46,968","50,705","50,755","47,476","51,211","54,520","56,232","53,420","52,580","52,986","53,784",,,,,,,,,,,,,,,,,,,,,,,,,,,,,,,,,,,,,
OR,"56,355","55,869","57,086","56,292","58,807","57,849","58,516","56,789","59,131","58,782","57,448","59,242","57,325","58,597","56,911","57,737","67,336","73,314","78,013","78,083","87,178","92,637","88,365","99,999","103,656","103,593","106,848","107,643","112,589","84,523","57,715","55,081","47,150","46,636","45,054","45,882","52,115","52,574","47,373","41,957","46,934","53,076","48,105","43,984","47,857","49,698","51,514","55,759","58,162","64,331","67,654","66,252","68,997","80,146","82,579","93,384","92,027","99,339","101,011","105,051","95,696","97,096","102,769",,,,,,,,,,,,,,,,,,,,,,,,,,,,,,,,,,,,,
PA,"46,454","45,262","45,730","47,377","47,186","47,374","48,649","48,284","50,587","52,235","53,189","52,414","54,198","56,615","57,537","57,464","66,499","71,749","82,661","94,186","129,198","140,768","130,485","154,832","136,912","138,089","102,041","96,234","100,900","82,469","61,362","69,518","80,199","80,254","84,884","97,525","103,551","95,749","86,439","89,341","90,285","79,111","73,134","74,449","82,076","83,025","86,233","93,328","112,834","126,668","146,711","162,101","157,080","173,435","167,629","173,947","170,611","171,739","173,373","166,316","146,093","148,272","157,088",,,,,,,,,,,,,,,,,,,,,,,,,,,,,,,,,,,,,
RI,"2,858","2,926","3,081","3,183","3,492","3,543","3,750","4,095","4,217","4,389","5,234","4,837","4,873","5,061","4,976","4,015","4,671","5,258","6,536","7,090","7,274","6,648","6,018","7,368","4,926","5,081","4,653","3,302","3,528","3,725","4,357","4,439","4,693","5,041","4,926","4,942","5,413","4,230","4,070","4,300","4,432","3,832","3,667","3,735","4,452","1,822","5,307","6,286","6,180","7,292","7,029","6,573","5,747","5,818","7,473","7,992","7,497","7,440","7,337","7,780","7,307","6,692","7,045",,,,,,,,,,,,,,,,,,,,,,,,,,,,,,,,,,,,,
SC,"43,120","41,795","41,078","41,805","41,995","40,588","40,510","38,488","41,283","40,978","41,000","42,053","42,334","43,286","43,813","41,879","47,935","49,054","50,645","50,545","39,763","39,171","44,240","42,818","47,108","47,429","76,676","72,957","76,282","76,500","72,214","75,093","76,301","79,694","83,212","88,934","100,228","101,635","93,417","79,554","76,662","57,743","66,321","66,454","72,682","75,803","82,290","82,110","95,330","98,518","110,565","120,127","124,748","125,730","133,352","126,558","128,714","133,267","130,189","128,635","120,793","123,219","124,890",,,,,,,,,,,,,,,,,,,,,,,,,,,,,,,,,,,,,
SD,"1,537","1,449","1,396","1,291","1,273","1,117","1,064","1,150","1,166","1,079","1,147","1,061","1,198","1,284","1,285","1,475","1,684","1,892","2,029","1,980","3,339","3,177","3,656","3,697","4,359","4,475","4,566","4,083","4,781","4,354","3,204","3,942","4,357","4,270","4,751","4,673","4,238","3,974","4,121","4,386","4,693","5,135","7,412","12,836","21,930","28,364","35,473","38,320","49,636","57,173","62,740","62,252","59,574","62,689","63,760","67,716","68,511","70,741","73,488","72,100","69,088","76,588","78,461",,,,,,,,,,,,,,,,,,,,,,,,,,,,,,,,,,,,,
TN,"45,355","43,478","43,391","46,082","46,394","46,541","49,135","46,860","51,733","53,800","53,761","54,391","57,566","58,909","57,547","54,447","61,792","67,744","72,036","79,846","69,326","74,820","82,019","84,753","96,780","98,095","100,842","97,684","103,007","82,266","60,744","64,996","65,326","59,674","61,892","63,986","56,948","49,002","48,567","51,953","55,158","66,987","67,157","62,551","75,510","80,861","74,197","77,486","93,744","92,046","96,901","97,500","101,260","106,278","108,613","105,711","106,208","100,446","102,525","97,095","88,573","97,093","78,906",,,,,,,,,,,,,,,,,,,,,,,,,,,,,,,,,,,,,
TX,"38,296","38,880","39,275","37,709","39,136","41,196","43,785","43,901","49,149","51,073","52,207","51,251","58,945","60,439","59,656","55,820","64,884","70,366","76,252","77,273","55,648","58,544","70,015","66,418","77,878","81,664","92,451","98,225","99,028","112,011","98,022","98,409","108,088","98,558","98,792","103,690","100,412","106,311","99,146","82,866","86,905","76,311","83,970","81,051","77,520","82,849","118,986","143,207","178,702","144,778","186,609","218,877","216,418","231,668","242,682","237,466","264,110","260,435","272,191","263,058","237,146","247,949","259,124",,,,,,,,,,,,,,,,,,,,,,,,,,,,,,,,,,,,,
UT,"2,219","2,132","2,044","2,008","2,148","1,956","1,938","2,060","2,216","2,284","2,303","2,303","2,543","3,145","2,612","2,893","3,257","3,811","4,492","5,332","4,492","5,875","6,051","6,505","6,910","6,931","6,469","3,637","3,859","3,549","3,445","3,608","3,785","3,794","3,552","3,580","3,872","4,397","4,919","6,242","6,658","4,669","3,720","3,676","3,639","5,391","5,061","6,539","7,635","7,108","8,090","9,627","10,023","10,907","11,185","14,975","16,532","16,023","16,849","17,809","15,543","14,526","13,966",,,,,,,,,,,,,,,,,,,,,,,,,,,,,,,,,,,,,
VA,"56,072","53,854","54,344","55,094","54,594","54,205","56,102","53,364","55,705","56,790","55,458","54,593","55,879","55,520","54,757","53,223","66,836","66,356","73,069","79,204","76,307","75,457","83,784","83,257","91,294","93,080","85,690","79,373","82,405","94,082","92,001","96,061","99,299","105,242","111,101","115,575","124,385","115,131","112,523","115,338","109,264","84,593","72,645","92,064","101,183","116,524","118,695","122,029","129,287","128,594","127,061","121,982","122,117","138,197","155,898","155,792","151,026","151,014","157,851","144,546","134,192","141,002","142,057",,,,,,,,,,,,,,,,,,,,,,,,,,,,,,,,,,,,,
VT,"7,943","7,149","7,251","6,766","6,556","6,932","6,807","6,669","6,872","6,662","6,472","6,815","6,181","6,143","5,782","6,600","8,023","9,372","11,450","12,716","14,432","14,343","13,818","15,971","16,132","17,254","12,962","12,765","12,630","9,085","5,278","6,317","6,477","8,114","8,340","9,119","9,114","9,024","8,090","8,400","8,773","8,044","11,230","12,218","9,990","12,224","12,622","12,457","13,909","19,457","21,407","18,657","16,557","21,134","20,763","27,040","24,905","24,505","27,308","25,990","20,863","21,831","23,824",,,,,,,,,,,,,,,,,,,,,,,,,,,,,,,,,,,,,
WA,"58,533","57,882","59,084","62,312","65,254","66,250","67,111","63,608","67,282","67,221","66,521","67,168","66,974","66,238","65,173","64,299","71,386","78,315","81,043","77,454","88,272","95,075","91,303","104,755","110,696","112,416","118,265","123,278","128,220","109,212","94,426","75,058","99,563","103,527","104,383","92,951","90,894","96,456","90,163","91,642","92,090","94,803","93,639","101,419","94,563","88,946","112,653","90,416","96,149","106,097","126,209","125,648","121,432","128,945","130,961","140,321","149,668","144,825","144,864","147,156","123,932","127,277","126,418",,,,,,,,,,,,,,,,,,,,,,,,,,,,,,,,,,,,,
WI,"39,155","39,133","39,130","38,860","38,951","39,414","39,521","39,383","40,963","40,262","38,333","38,430","40,603","42,430","44,525","44,874","52,438","55,515","66,214","69,131","165,342","174,255","170,138","190,778","191,071","191,268","136,568","136,503","141,966","108,476","82,007","83,398","85,250","79,885","84,819","89,355","100,037","102,686","92,523","95,660","95,095","106,139","84,542","98,278","87,455","126,407","122,757","125,458","138,650","129,045","154,160","153,143","147,797","154,023","155,692","162,773","159,330","157,705","164,889","160,601","135,067","134,901","142,307",,,,,,,,,,,,,,,,,,,,,,,,,,,,,,,,,,,,,
WV,"13,367","12,565","12,784","12,629","12,204","11,903","12,112","11,521","11,625","11,484","10,703","10,269","11,834","12,015","11,795","11,740","14,116","14,479","17,673","21,121","11,850","10,631","14,112","11,717","13,740","13,998","20,438","18,024","18,820","11,935","5,009","5,250","5,680","7,167","7,016","7,229","7,275","5,925","5,094","5,248","5,621","5,286","5,251","5,750","5,897","12,677","11,509","12,758","17,359","27,520","29,639","28,625","25,431","31,139","31,440","19,161","19,427","19,031","20,495","19,797","15,481","17,101","17,830",,,,,,,,,,,,,,,,,,,,,,,,,,,,,,,,,,,,,
WY,"1,623","1,536","1,448","1,430","1,466","1,550","1,497","1,412","1,584","1,532","1,566","1,583","1,324","1,462","1,462","1,569","1,725","1,986","2,596","3,000","2,739","3,335","3,361","3,670","3,748","3,812","4,315","3,120","3,255","2,727","2,173","2,448","2,038","1,981","2,449","2,089","1,529","1,528","1,373","1,404","1,516","1,128","1,115","1,202","1,203","3,289","2,982","3,645","4,188","3,280","3,687","4,436","4,728","5,052","5,172","8,601","8,301","8,583","8,401","8,865","7,470","6,999","8,105",,,,,,,,,,,,,,,,,,,,,,,,,,,,,,,,,,,,,
US,"1,319,871","1,294,762","1,300,242","1,323,316","1,336,802","1,334,761","1,368,986","1,340,249","1,419,494","1,440,488","1,430,962","1,432,323","1,503,065","1,529,068","1,539,661","1,498,733","1,713,373","1,838,332","2,037,605","2,151,906","2,471,691","2,599,746","2,664,743","2,904,414","2,971,603","3,016,233","2,932,095","2,877,576","3,016,049","3,159,354","2,736,982","2,781,799","2,931,673","2,906,004","3,027,532","3,101,141","3,156,805","3,102,838","2,927,489","2,963,292","3,008,229","2,626,720","2,700,621","2,806,475","3,008,074","3,112,387","3,262,140","3,484,824","3,851,392","3,939,989","4,505,629","4,616,493","4,516,952","4,861,035","5,015,522","5,014,887","5,063,053","5,044,599","5,104,513","5,056,000","4,545,130","4,750,550","4,856,666",,,,,,,,,,,,,,,,,,,,,,,,,,,,,,,,,,,,,
