"Total energy consumption in the commercial sector, billion Btu",,,,,,,,,,,,,,,,,,,,,,,,,,,,,,,,,,,,,,,,,,,,,,,,,,,,,,,,,,,,,,,,,,,,,,,,,,,,,,,,,,,,,,,,,,,,,,,,,,,,,,,
,,,,,,,,,,,,,,,,,,,,,,,,,,,,,,,,,,,,,,,,,,,,,,,,,,,,,,,,,,,,,,,,,,,,,,,,,,,,,,,,,,,,,,,,,,,,,,,,,,,,,,,
State,1960,1961,1962,1963,1964,1965,1966,1967,1968,1969,1970,1971,1972,1973,1974,1975,1976,1977,1978,1979,1980,1981,1982,1983,1984,1985,1986,1987,1988,1989,1990,1991,1992,1993,1994,1995,1996,1997,1998,1999,2000,2001,2002,2003,2004,2005,2006,2007,2008,2009,2010,2011,2012,2013,2014,2015,2016,2017,2018,2019,2020,2021,2022,,,,,,,,,,,,,,,,,,,,,,,,,,,,,,,,,,,,,,,,
AK,"6,592","6,976","7,129","9,246","12,021","14,210","15,066","17,018","18,316","25,989","28,705","31,762","36,289","33,124","34,856","32,959","33,710","36,678","37,081","35,123","32,854","36,536","46,028","49,306","61,051","55,609","95,073","86,044","49,560","50,130","57,482","56,909","59,008","60,012","61,142","61,712","66,173","64,360","65,886","68,465","66,776","62,031","55,830","53,845","59,006","58,006","63,939","59,337","61,038","57,997","62,668","66,951","65,188","58,557","58,600","62,402","54,019","53,712","52,207","52,114","53,058","56,415","55,470",,,,,,,,,,,,,,,,,,,,,,,,,,,,,,,,,,,,,,,,
AL,"53,463","61,026","67,369","73,550","77,567","77,062","80,697","80,030","90,700","100,346","104,587","106,981","114,157","117,343","119,155","114,160","118,290","122,796","120,916","123,247","120,278","137,009","135,738","139,201","126,261","133,517","135,950","139,710","149,408","160,778","158,669","155,364","153,440","157,551","160,410","165,013","178,579","213,223","219,459","232,322","243,953","233,910","240,358","235,720","246,269","249,452","260,306","271,789","264,633","243,888","261,483","248,475","237,919","243,962","252,918","253,876","255,584","244,882","252,411","246,538","224,018","236,565","244,393",,,,,,,,,,,,,,,,,,,,,,,,,,,,,,,,,,,,,,,,
AR,"34,197","34,966","38,969","42,222","45,565","51,259","58,633","63,505","68,785","73,741","75,954","69,406","75,113","80,521","79,122","91,612","94,700","99,626","100,141","98,039","94,304","83,521","86,299","102,607","97,206","95,470","88,956","91,355","97,165","101,062","99,369","101,538","98,928","108,386","110,434","115,772","120,617","119,820","127,703","130,354","142,474","146,067","146,019","149,592","147,995","157,852","155,943","157,748","159,838","158,754","169,410","170,557","167,414","172,994","178,776","174,195","170,732","169,521","180,869","175,440","164,133","172,070","172,697",,,,,,,,,,,,,,,,,,,,,,,,,,,,,,,,,,,,,,,,
AZ,"61,977","46,333","44,417","48,892","60,563","53,957","55,388","64,024","67,059","73,841","76,116","85,616","94,847","106,025","111,599","113,605","124,374","132,174","127,109","125,358","129,584","128,340","128,235","127,642","143,595","158,577","162,675","181,112","188,167","200,433","201,733","197,551","204,194","206,417","217,890","226,931","241,058","245,102","263,165","276,403","297,677","296,835","296,714","296,826","301,398","310,534","319,900","329,184","329,560","321,410","321,789","328,873","327,537","332,964","323,023","327,721","330,060","330,296","327,628","325,491","310,582","317,868","337,139",,,,,,,,,,,,,,,,,,,,,,,,,,,,,,,,,,,,,,,,
CA,"401,576","447,848","470,712","490,944","509,866","534,413","580,656","596,253","641,819","667,364","720,198","776,059","797,528","823,001","787,448","901,199","914,220","946,773","946,009","991,937","1,025,994","1,072,952","1,015,290","934,639","997,960","1,015,022","1,006,044","1,077,424","1,150,696","1,211,972","1,177,528","1,167,898","1,172,523","1,064,083","1,094,515","1,071,643","1,050,147","1,112,879","1,228,356","1,166,609","1,195,092","1,309,918","1,282,989","1,244,763","1,355,747","1,295,011","1,308,405","1,377,978","1,419,732","1,353,185","1,331,349","1,316,978","1,310,024","1,253,801","1,253,459","1,287,155","1,226,595","1,188,341","1,247,798","1,193,132","1,124,397","1,156,818","1,193,066",,,,,,,,,,,,,,,,,,,,,,,,,,,,,,,,,,,,,,,,
CO,"53,823","57,218","61,019","60,401","69,421","73,164","80,416","79,831","93,746","102,639","112,292","120,361","128,419","138,440","137,678","138,523","134,235","135,869","139,366","145,977","148,266","150,706","174,555","181,935","197,115","202,033","192,494","199,330","214,283","221,696","237,282","246,667","244,964","253,513","233,663","236,409","250,930","251,553","262,645","274,152","286,926","292,452","302,196","293,355","287,807","288,371","287,147","285,231","288,167","283,773","274,039","268,409","258,130","264,644","260,495","267,218","261,579","261,357","263,150","270,644","245,970","249,854","252,981",,,,,,,,,,,,,,,,,,,,,,,,,,,,,,,,,,,,,,,,
CT,"60,514","61,949","63,587","66,515","67,687","69,416","73,371","76,696","84,969","89,343","98,680","103,307","111,439","115,902","111,329","109,874","118,211","122,318","124,915","130,171","123,183","127,763","129,335","138,423","147,575","152,306","155,707","161,214","166,624","179,903","184,536","184,290","193,350","188,172","196,908","193,893","204,644","206,784","211,883","218,035","218,880","213,047","207,411","222,716","205,826","206,106","193,517","210,248","193,683","185,549","189,464","182,826","182,503","186,865","190,805","198,213","188,519","186,401","190,814","185,564","167,476","178,155","178,057",,,,,,,,,,,,,,,,,,,,,,,,,,,,,,,,,,,,,,,,
DC,"30,819","29,058","31,178","33,246","39,402","52,634","55,056","64,007","64,970","68,042","72,330","69,827","64,555","64,015","53,329","49,588","49,246","47,851","47,598","45,624","46,407","45,045","49,584","56,055","67,943","66,687","72,107","73,789","72,393","75,839","82,197","86,058","86,899","91,120","121,228","122,618","115,283","114,361","118,386","118,628","125,490","125,069","124,814","120,000","125,964","129,762","123,028","127,406","120,479","118,591","120,132","112,694","105,061","104,945","105,591","102,131","100,272","95,859","97,616","94,182","77,544","80,741","82,612",,,,,,,,,,,,,,,,,,,,,,,,,,,,,,,,,,,,,,,,
DE,"20,194","18,269","19,363","21,341","21,281","24,628","25,984","22,762","23,757","26,621","28,636","29,559","31,361","33,932","27,959","29,518","31,515","33,497","30,668","36,432","50,902","35,925","30,128","23,323","25,303","25,085","26,173","29,277","31,609","33,182","37,214","40,119","39,385","39,858","38,843","41,012","43,761","45,818","46,201","48,209","58,203","51,501","56,938","56,104","56,460","58,032","57,109","59,528","60,531","61,582","61,812","57,267","55,396","55,227","55,962","55,545","54,724","54,316","59,440","58,348","48,217","52,149","52,394",,,,,,,,,,,,,,,,,,,,,,,,,,,,,,,,,,,,,,,,
FL,"98,129","104,098","118,409","127,793","140,753","145,032","153,938","175,425","189,906","212,358","240,963","258,547","279,592","307,525","314,884","313,804","338,761","363,067","361,673","365,915","365,333","401,284","396,187","427,120","460,707","530,760","557,964","581,915","615,383","653,801","728,487","737,565","740,375","741,524","753,533","789,265","801,471","821,667","870,599","896,032","946,225","948,088","988,593","989,207","1,015,940","1,025,417","1,028,418","1,034,978","1,027,676","1,001,087","984,792","961,565","950,022","960,874","969,014","1,007,037","1,006,855","982,646","978,576","953,159","890,012","917,209","930,441",,,,,,,,,,,,,,,,,,,,,,,,,,,,,,,,,,,,,,,,
GA,"62,746","64,169","71,975","75,586","79,884","85,605","92,636","99,721","115,198","127,890","137,981","148,249","162,008","174,771","170,066","180,143","193,555","212,968","197,065","196,346","197,000","207,866","209,739","221,814","243,570","249,468","257,346","274,921","291,880","305,525","307,978","311,034","320,129","340,911","349,791","382,777","407,899","424,566","435,705","440,986","485,961","484,635","476,244","493,149","524,957","534,184","537,940","558,011","558,815","541,529","571,123","552,169","526,489","517,336","536,391","539,801","541,965","517,816","531,161","521,376","473,171","493,957","527,357",,,,,,,,,,,,,,,,,,,,,,,,,,,,,,,,,,,,,,,,
HI,"5,253","5,537","5,719","6,211","6,813","6,994","7,622","8,339","9,204","10,672","12,489","12,491","13,711","14,517","14,305","14,508","16,354","17,935","18,474","19,683","20,042","18,075","16,818","17,152","18,279","18,328","20,887","23,718","36,893","35,963","37,113","28,700","38,546","30,373","34,484","34,002","33,401","34,861","45,266","35,377","36,581","35,984","39,111","37,002","40,633","39,265","39,851","39,064","39,626","39,442","38,808","39,424","36,894","37,799","37,864","38,000","37,866","38,872","38,570","39,026","35,041","36,199","36,624",,,,,,,,,,,,,,,,,,,,,,,,,,,,,,,,,,,,,,,,
IA,"66,018","68,167","73,827","73,922","76,713","81,712","86,098","90,079","95,490","101,530","107,641","111,153","117,270","121,866","123,480","132,150","134,542","135,796","129,276","144,205","119,619","129,418","134,505","135,751","127,912","119,693","112,698","111,141","124,453","123,242","133,727","143,653","136,775","149,468","145,810","151,434","156,969","161,686","159,498","170,641","171,942","180,427","186,111","191,105","181,647","180,709","188,090","193,096","200,502","193,963","190,976","189,970","177,530","191,136","188,261","175,387","161,749","159,873","170,735","166,781","140,659","143,870","159,089",,,,,,,,,,,,,,,,,,,,,,,,,,,,,,,,,,,,,,,,
ID,"23,343","27,162","28,780","29,231","30,833","27,234","31,119","31,399","34,477","34,985","33,461","39,477","43,283","44,879","45,811","56,325","55,902","60,882","53,837","58,641","55,758","60,549","59,821","55,825","57,028","61,082","57,236","58,660","65,314","67,720","54,126","56,415","64,960","55,746","65,622","56,360","59,546","56,706","61,278","67,016","79,249","78,497","77,622","61,140","63,663","65,797","63,380","70,079","70,656","65,080","65,485","59,705","61,394","68,562","65,779","69,316","68,550","68,620","66,944","70,874","69,511","73,414","78,501",,,,,,,,,,,,,,,,,,,,,,,,,,,,,,,,,,,,,,,,
IL,"301,296","314,574","335,997","341,097","362,011","403,989","457,732","485,218","493,149","522,474","532,649","544,776","570,472","580,901","579,433","589,084","638,483","654,794","679,368","640,627","603,546","613,110","604,265","606,901","636,403","592,387","575,235","585,459","634,210","624,906","691,370","704,530","681,633","721,950","735,125","758,634","776,121","775,074","764,257","806,750","838,885","826,591","829,484","791,677","759,975","778,678","780,840","798,044","814,812","796,145","774,107","778,002","751,348","788,228","804,077","775,985","779,820","774,981","803,161","785,814","714,167","730,020","743,887",,,,,,,,,,,,,,,,,,,,,,,,,,,,,,,,,,,,,,,,
IN,"102,549","104,644","110,502","114,789","118,722","127,194","136,797","146,406","155,539","168,918","180,735","191,667","210,393","204,014","203,319","210,825","218,042","219,789","216,497","217,302","214,844","200,720","213,245","227,239","236,432","228,637","224,329","227,867","261,205","273,825","277,867","285,187","285,573","302,917","303,980","315,010","324,282","321,314","323,078","330,125","350,409","391,321","348,625","369,012","368,377","366,509","353,184","376,908","399,103","380,983","378,923","371,272","354,667","377,604","383,839","366,280","359,397","346,064","367,435","355,587","323,903","347,268","356,892",,,,,,,,,,,,,,,,,,,,,,,,,,,,,,,,,,,,,,,,
KS,"65,118","45,816","54,783","54,917","66,406","70,655","65,928","71,145","84,122","95,253","98,514","104,170","113,222","106,381","106,693","114,273","123,718","123,190","139,660","137,066","136,107","131,089","134,479","137,139","146,161","147,326","144,016","147,367","157,660","158,960","177,404","186,564","178,110","184,989","184,823","188,555","204,352","196,837","199,023","194,262","207,255","203,031","208,709","208,525","209,796","206,727","206,089","210,655","214,729","205,562","208,513","207,706","196,273","190,924","192,925","195,568","188,257","178,176","186,092","180,544","166,694","169,612","175,203",,,,,,,,,,,,,,,,,,,,,,,,,,,,,,,,,,,,,,,,
KY,"49,395","55,520","57,118","59,704","53,412","56,742","58,515","72,992","81,787","91,078","95,591","95,851","100,939","110,086","113,986","121,441","148,224","156,902","154,851","155,129","157,030","146,139","144,058","152,702","153,939","150,787","151,494","152,920","167,118","172,443","174,083","185,741","184,368","190,589","195,421","204,481","208,407","224,235","224,186","241,384","250,190","245,828","261,706","255,626","261,514","268,267","261,755","271,438","268,147","252,825","260,330","249,280","248,194","279,171","259,716","260,035","265,143","248,919","260,314","252,313","223,943","235,148","249,363",,,,,,,,,,,,,,,,,,,,,,,,,,,,,,,,,,,,,,,,
LA,"65,624","74,509","71,118","79,154","85,551","85,217","93,623","125,346","141,266","150,646","176,095","179,399","190,289","200,413","203,796","175,840","184,413","218,296","246,891","348,033","270,745","301,707","291,903","204,737","215,081","224,645","219,181","205,825","206,844","210,924","189,509","191,263","188,924","191,618","199,682","204,223","207,959","209,366","219,358","216,130","236,056","216,876","226,616","218,484","224,137","231,018","205,433","281,775","266,394","272,908","278,665","277,271","274,247","265,394","263,845","266,628","261,973","262,407","262,918","253,637","228,899","238,182","238,697",,,,,,,,,,,,,,,,,,,,,,,,,,,,,,,,,,,,,,,,
MA,"186,925","190,612","199,565","189,161","199,895","233,552","239,904","265,209","272,333","276,616","293,016","299,525","310,217","324,575","296,991","294,444","313,758","313,328","310,594","265,108","268,168","244,736","264,321","239,550","258,036","265,796","283,886","291,286","312,922","337,201","348,591","353,031","358,352","348,336","369,378","373,589","377,667","385,928","375,943","344,446","375,990","364,175","367,015","379,060","375,084","373,098","348,591","361,770","353,231","267,421","283,989","271,209","262,892","293,125","381,173","387,346","375,234","378,587","383,846","382,860","338,064","346,750","366,587",,,,,,,,,,,,,,,,,,,,,,,,,,,,,,,,,,,,,,,,
MD,"69,881","68,629","70,497","75,730","81,418","86,301","93,318","100,331","106,402","114,980","123,938","136,735","144,330","152,232","143,960","144,324","153,948","154,224","153,713","163,211","156,090","146,875","150,257","160,273","150,734","144,241","149,606","168,023","168,236","166,090","172,041","187,765","196,472","204,530","229,038","345,722","336,681","341,801","363,178","370,076","383,340","387,415","330,797","281,661","285,057","291,586","412,371","422,622","416,570","411,295","419,981","409,923","402,405","407,031","408,444","410,822","403,734","383,884","387,712","376,793","334,671","343,803","350,660",,,,,,,,,,,,,,,,,,,,,,,,,,,,,,,,,,,,,,,,
ME,"16,065","17,625","17,873","19,015","19,043","19,236","18,961","19,328","20,232","22,103","24,133","27,332","29,323","29,434","28,427","30,597","35,527","37,868","36,492","33,270","36,398","34,516","35,157","36,825","43,370","41,190","49,144","46,275","58,041","60,278","53,390","53,523","49,547","51,507","49,900","39,293","48,166","43,704","45,120","46,989","54,114","51,458","53,262","60,584","60,216","59,670","53,652","65,031","63,798","57,204","56,891","56,451","52,955","51,921","55,626","60,112","55,435","56,007","59,582","56,032","53,787","57,764","58,309",,,,,,,,,,,,,,,,,,,,,,,,,,,,,,,,,,,,,,,,
MI,"166,664","170,650","197,436","203,455","210,032","229,357","249,097","260,198","280,466","300,446","311,441","335,249","360,914","392,093","394,013","376,293","384,248","345,739","356,535","387,015","405,157","380,702","374,614","368,073","378,465","378,627","366,198","415,936","417,534","443,727","455,427","449,340","454,317","537,191","540,143","569,832","598,219","596,002","593,145","614,988","636,613","608,678","625,634","614,931","646,378","655,456","625,907","639,700","629,827","597,615","589,937","605,943","574,782","591,320","612,438","587,681","583,134","584,665","605,571","598,240","554,714","568,372","579,018",,,,,,,,,,,,,,,,,,,,,,,,,,,,,,,,,,,,,,,,
MN,"62,097","66,191","80,171","82,775","63,834","70,039","83,759","111,519","117,988","127,659","134,404","136,985","144,300","145,228","155,116","161,212","155,419","145,947","160,866","139,464","139,454","145,070","159,179","165,322","178,094","179,591","167,189","160,937","184,818","191,249","202,266","202,028","192,519","196,780","201,363","217,832","229,532","225,360","213,422","222,866","233,917","316,814","331,271","353,406","335,383","342,848","337,211","340,734","344,810","332,911","326,484","322,984","308,996","336,213","345,683","326,928","325,916","328,729","348,131","330,672","309,285","317,716","337,982",,,,,,,,,,,,,,,,,,,,,,,,,,,,,,,,,,,,,,,,
MO,"107,986","104,731","109,244","109,225","116,520","116,163","143,075","161,020","165,927","169,503","181,696","185,548","197,224","196,222","192,210","195,607","242,605","247,251","256,781","256,005","233,678","214,784","220,815","224,458","236,513","236,302","243,815","258,009","274,184","278,731","297,004","312,995","306,700","329,758","332,536","345,869","366,972","368,979","369,500","380,165","399,783","402,241","398,847","398,211","403,433","414,766","412,200","413,232","421,107","406,902","414,247","408,410","393,398","406,043","423,862","407,423","404,871","395,460","418,454","394,211","365,171","374,778","383,807",,,,,,,,,,,,,,,,,,,,,,,,,,,,,,,,,,,,,,,,
MS,"32,733","35,537","39,018","41,663","44,434","37,055","42,472","45,116","50,562","53,263","63,017","67,669","72,401","76,976","79,624","78,156","79,484","85,627","90,037","119,562","101,001","102,671","84,234","89,101","85,279","88,351","87,769","90,541","92,442","100,989","108,434","107,954","107,824","107,335","114,123","120,911","126,689","148,430","159,194","164,826","172,577","155,875","166,910","172,424","168,755","163,674","164,077","174,097","165,625","158,955","164,910","163,481","149,470","159,983","162,098","157,690","153,852","152,740","156,775","154,197","139,021","147,216","150,737",,,,,,,,,,,,,,,,,,,,,,,,,,,,,,,,,,,,,,,,
MT,"25,236","25,734","25,885","26,765","29,134","28,164","28,092","30,022","28,780","32,234","35,733","36,442","38,743","39,403","36,850","42,217","42,562","42,458","45,207","45,365","40,261","40,414","43,084","48,265","70,865","65,086","61,600","44,458","47,720","49,018","42,367","43,188","44,586","45,844","48,076","44,744","44,871","45,170","45,697","41,070","51,855","54,705","54,094","59,182","58,599","59,828","60,797","59,415","61,157","67,258","64,344","63,310","60,954","63,943","64,020","64,259","65,548","67,377","71,211","74,022","66,104","68,945","72,124",,,,,,,,,,,,,,,,,,,,,,,,,,,,,,,,,,,,,,,,
NC,"54,220","55,326","61,316","64,327","69,213","82,520","94,359","107,533","122,585","136,201","145,850","159,970","168,854","181,478","173,063","165,087","172,493","183,598","188,565","192,087","203,674","211,328","206,946","223,273","250,220","256,524","267,732","290,048","309,111","321,476","333,277","344,331","353,614","375,981","380,020","402,670","425,364","423,632","450,627","470,298","503,473","505,876","516,166","520,671","547,757","559,288","561,533","580,128","589,518","580,440","597,153","563,483","554,123","537,635","555,860","561,450","559,884","540,968","551,816","544,677","498,425","524,688","558,310",,,,,,,,,,,,,,,,,,,,,,,,,,,,,,,,,,,,,,,,
ND,"12,003","12,327","13,310","13,540","13,384","16,005","19,074","17,687","18,532","19,126","20,603","20,576","22,520","23,413","27,789","27,765","27,715","26,712","31,097","31,976","32,287","28,154","31,305","30,103","33,350","35,703","32,751","29,900","32,384","34,037","37,631","39,299","36,407","37,753","39,051","42,618","45,353","44,565","43,966","44,163","47,417","54,559","58,723","56,885","57,826","58,383","56,944","61,171","63,173","61,554","60,963","66,333","66,975","78,423","75,023","77,495","75,606","75,429","79,799","83,362","73,008","77,213","89,974",,,,,,,,,,,,,,,,,,,,,,,,,,,,,,,,,,,,,,,,
NE,"40,161","41,349","42,530","43,950","46,635","49,345","54,492","65,786","72,786","84,424","88,913","91,788","90,629","85,469","87,317","85,161","94,346","94,858","88,298","91,438","88,870","90,567","94,961","95,339","106,252","103,407","97,703","97,546","107,558","107,854","113,076","119,286","111,057","112,798","123,991","127,309","129,723","128,817","123,315","120,673","133,189","131,853","134,563","129,811","131,642","132,163","134,351","139,490","144,691","137,355","138,045","131,229","127,349","135,533","135,469","129,940","127,266","124,485","136,615","135,691","122,190","123,360","122,710",,,,,,,,,,,,,,,,,,,,,,,,,,,,,,,,,,,,,,,,
NH,"7,835","8,564","9,253","9,812","9,804","9,757","10,025","11,374","11,945","13,404","14,808","16,118","17,238","17,615","16,924","17,038","18,520","19,084","20,200","18,872","25,808","24,238","25,973","24,318","26,261","27,654","33,618","39,848","40,053","41,900","42,909","42,216","41,030","41,841","54,685","53,431","55,024","55,556","53,759","57,008","63,703","64,494","66,972","70,762","71,992","73,929","66,845","68,133","66,242","65,269","64,152","64,065","64,086","67,297","68,450","69,668","68,376","67,181","70,289","68,265","62,633","64,502","64,736",,,,,,,,,,,,,,,,,,,,,,,,,,,,,,,,,,,,,,,,
NJ,"160,721","182,333","194,294","197,758","204,782","203,634","228,763","255,887","267,075","277,144","313,838","317,326","333,739","346,973","321,470","306,571","374,499","337,531","330,246","341,627","367,457","347,232","339,481","338,576","362,388","362,436","392,332","408,972","441,500","472,095","498,323","504,987","506,030","511,447","526,681","522,515","530,751","538,227","536,619","579,961","578,511","554,459","576,134","604,240","631,593","648,416","616,042","646,384","633,117","627,353","626,137","625,516","594,752","594,817","618,691","585,361","558,812","549,325","571,818","544,690","502,301","528,858","545,683",,,,,,,,,,,,,,,,,,,,,,,,,,,,,,,,,,,,,,,,
NM,"21,879","24,136","27,378","26,277","30,652","31,157","34,468","50,218","55,295","55,276","61,714","64,656","66,173","61,170","60,958","55,732","70,148","64,657","64,306","65,693","68,647","64,777","65,257","74,559","78,183","71,362","75,289","78,769","92,245","94,205","95,236","96,025","98,993","101,425","99,457","100,773","107,285","107,315","111,207","114,559","123,014","124,443","128,862","122,236","123,318","124,392","122,242","124,803","123,574","117,832","120,096","122,811","121,168","121,615","120,307","119,993","116,175","112,109","109,800","116,264","103,173","102,113","102,654",,,,,,,,,,,,,,,,,,,,,,,,,,,,,,,,,,,,,,,,
NV,"9,665","10,389","11,505","13,585","16,110","17,808","21,274","24,474","27,078","30,267","34,942","38,136","42,425","44,509","45,639","47,825","48,349","47,885","53,321","43,752","32,822","33,689","30,632","36,365","50,036","51,729","51,640","56,884","60,450","65,267","69,536","71,142","72,862","78,494","86,090","85,713","94,872","93,549","94,907","100,550","104,468","103,284","107,740","111,617","114,455","115,738","119,850","118,028","116,450","108,445","109,770","110,952","108,529","110,740","109,458","112,452","114,380","124,303","132,787","131,154","122,058","128,605","129,945",,,,,,,,,,,,,,,,,,,,,,,,,,,,,,,,,,,,,,,,
NY,"540,323","526,401","545,294","615,386","606,034","699,719","767,525","822,987","840,352","857,440","893,663","890,676","908,852","932,069","862,653","831,046","899,389","907,949","908,618","813,084","858,375","799,575","834,370","791,364","875,414","884,412","942,291","946,020","996,436","1,016,106","988,888","980,317","997,367","1,005,695","996,166","1,032,043","1,050,420","1,127,938","1,131,576","1,230,907","1,256,937","1,233,544","1,250,636","1,280,691","1,338,500","1,235,490","1,144,291","1,138,328","1,140,061","1,094,737","1,115,120","1,076,997","1,006,951","1,040,097","1,038,982","1,047,130","1,020,032","1,005,700","1,044,238","1,013,553","912,205","938,029","969,759",,,,,,,,,,,,,,,,,,,,,,,,,,,,,,,,,,,,,,,,
OH,"250,003","251,033","265,523","269,868","270,631","286,793","305,722","324,092","347,229","377,777","403,669","419,337","455,006","462,216","466,285","430,357","457,992","448,889","469,464","443,250","446,827","464,107","460,557","462,720","497,005","484,512","502,710","523,709","559,934","573,136","580,503","606,751","607,072","628,752","637,403","665,784","683,841","683,068","666,273","691,039","720,882","687,127","685,145","708,894","721,861","725,735","686,693","719,116","719,684","694,530","704,321","703,092","664,809","685,355","702,886","693,819","683,110","663,229","685,362","659,745","613,932","635,293","651,431",,,,,,,,,,,,,,,,,,,,,,,,,,,,,,,,,,,,,,,,
OK,"57,203","50,701","54,007","59,861","63,743","66,292","69,932","80,565","89,251","91,949","99,833","101,064","111,223","111,286","113,444","122,103","129,786","142,390","143,864","146,965","148,885","160,153","170,548","174,862","168,346","170,481","160,679","157,775","182,335","172,871","195,090","184,656","173,906","182,888","185,966","188,437","204,224","211,927","215,634","210,830","226,988","230,056","228,029","224,516","222,289","224,792","228,733","234,346","234,518","230,007","235,820","234,862","228,785","234,315","240,225","228,964","214,724","205,548","214,452","200,719","182,306","193,488","208,761",,,,,,,,,,,,,,,,,,,,,,,,,,,,,,,,,,,,,,,,
OR,"53,273","54,600","58,492","64,088","71,563","72,780","78,110","81,178","86,388","95,381","102,348","110,758","121,207","122,613","119,241","123,425","121,163","125,676","131,314","139,356","146,443","126,046","130,046","123,554","133,935","138,055","134,691","139,186","148,649","155,729","96,197","94,017","109,949","109,437","121,140","104,603","99,443","100,745","112,166","113,510","130,701","137,369","120,879","121,242","115,674","123,424","116,592","124,273","126,476","122,630","119,263","112,227","110,870","119,387","115,321","120,769","121,671","129,868","128,741","137,656","126,188","132,622","133,974",,,,,,,,,,,,,,,,,,,,,,,,,,,,,,,,,,,,,,,,
PA,"295,707","289,720","290,025","294,408","297,587","306,834","315,729","315,656","329,791","342,113","361,834","383,255","402,417","412,419","379,730","389,727","431,610","436,014","440,655","423,660","431,000","448,727","440,500","438,139","465,749","446,478","462,228","479,305","507,112","540,892","539,349","555,024","569,221","580,533","611,013","628,012","644,338","628,890","618,903","633,814","702,076","660,212","695,247","697,040","702,680","718,174","690,066","717,084","710,287","677,299","678,986","632,091","603,957","630,859","645,921","650,820","632,867","622,233","644,860","593,795","518,545","541,829","559,442",,,,,,,,,,,,,,,,,,,,,,,,,,,,,,,,,,,,,,,,
RI,"22,134","20,781","22,492","22,196","22,275","19,837","19,487","25,698","27,597","30,726","33,739","35,867","37,815","38,158","33,644","32,850","34,795","35,953","36,297","35,512","32,400","30,707","31,560","33,473","36,029","37,301","43,155","44,101","44,790","45,500","49,318","46,045","42,725","43,139","47,629","46,398","47,251","45,628","42,535","47,170","49,164","49,612","50,024","54,733","54,193","51,356","48,699","49,436","45,940","46,257","45,708","43,864","43,987","47,897","50,838","48,993","46,088","43,843","46,996","46,527","42,805","45,206","46,859",,,,,,,,,,,,,,,,,,,,,,,,,,,,,,,,,,,,,,,,
SC,"36,062","36,534","41,347","42,877","45,291","42,586","45,300","50,112","57,151","63,379","69,743","74,189","79,697","89,552","87,248","103,523","128,456","133,025","127,502","116,488","127,275","117,615","120,035","126,036","123,388","128,683","136,652","143,474","151,581","156,500","165,169","167,920","171,817","184,138","184,821","195,433","202,707","205,071","225,369","234,042","239,136","235,896","237,842","241,830","253,880","255,276","262,240","267,233","269,746","259,089","271,233","259,521","257,074","254,719","264,344","271,854","276,349","271,070","270,784","267,175","247,390","255,254","288,786",,,,,,,,,,,,,,,,,,,,,,,,,,,,,,,,,,,,,,,,
SD,"15,047","15,967","16,756","16,683","17,891","18,612","20,160","21,503","22,628","23,578","25,012","24,531","26,568","26,049","27,231","25,325","28,686","28,526","28,655","25,829","24,387","24,359","25,472","24,948","30,661","32,525","29,091","29,425","30,513","31,591","27,057","28,629","28,150","32,448","29,792","30,246","30,264","29,078","30,619","29,936","33,890","43,330","42,911","44,592","45,573","50,362","49,274","52,612","54,127","49,961","46,464","39,965","41,226","48,548","46,122","45,305","42,769","44,168","45,436","44,603","40,309","38,781","41,749",,,,,,,,,,,,,,,,,,,,,,,,,,,,,,,,,,,,,,,,
TN,"67,765","75,962","84,573","77,467","81,040","85,128","93,239","99,229","110,181","118,739","124,565","132,072","140,178","147,119","143,901","136,281","139,137","165,579","193,493","205,971","211,940","219,764","219,094","238,680","175,501","173,959","158,650","164,354","173,211","197,433","196,823","197,651","142,454","131,788","128,967","131,550","143,791","337,689","338,188","351,317","362,679","358,197","354,993","353,752","364,083","372,622","373,274","387,926","382,336","354,339","380,955","363,297","341,767","397,299","408,995","419,492","429,749","405,616","436,737","419,020","377,342","408,742","419,985",,,,,,,,,,,,,,,,,,,,,,,,,,,,,,,,,,,,,,,,
TX,"185,541","191,374","206,525","229,266","246,944","258,585","286,766","352,445","378,569","405,867","433,629","450,411","487,856","531,387","513,669","525,406","560,579","633,136","674,414","777,791","719,128","747,144","766,757","835,340","820,687","841,174","822,045","856,242","905,534","942,123","949,870","963,731","960,595","979,616","1,018,393","1,073,656","1,072,197","1,127,127","1,156,597","1,182,897","1,278,282","1,245,714","1,260,046","1,221,099","1,197,638","1,279,109","1,259,668","1,316,185","1,351,178","1,395,960","1,418,562","1,487,982","1,483,043","1,526,595","1,547,491","1,493,349","1,484,205","1,455,587","1,501,830","1,460,767","1,438,183","1,461,838","1,546,129",,,,,,,,,,,,,,,,,,,,,,,,,,,,,,,,,,,,,,,,
UT,"27,946","30,663","34,744","35,482","38,364","39,604","33,408","36,084","38,426","42,222","41,046","45,061","45,537","50,721","52,699","50,466","62,468","59,629","59,878","53,839","52,152","38,472","61,463","54,647","63,970","66,278","62,405","74,323","80,689","80,920","82,337","89,443","87,186","92,045","100,098","102,402","108,056","115,455","116,256","123,948","132,394","138,241","146,255","136,674","142,702","145,829","143,376","144,551","146,632","146,563","150,148","153,963","151,529","161,346","154,528","158,746","157,965","160,588","164,520","168,727","160,687","167,084","176,178",,,,,,,,,,,,,,,,,,,,,,,,,,,,,,,,,,,,,,,,
VA,"75,198","78,252","83,192","89,313","93,753","100,900","114,319","123,939","137,751","149,015","164,856","178,374","189,422","210,847","207,971","200,813","218,386","228,519","238,389","233,667","240,818","245,870","252,896","267,878","280,346","288,216","310,764","333,008","346,736","372,324","393,890","405,571","420,678","446,833","445,905","470,287","484,946","483,235","501,729","519,930","551,739","543,355","553,709","560,654","585,995","606,963","595,145","621,198","617,139","603,915","617,782","587,685","572,994","595,219","600,032","600,599","597,313","594,979","615,891","613,597","590,649","642,485","734,076",,,,,,,,,,,,,,,,,,,,,,,,,,,,,,,,,,,,,,,,
VT,"8,366","8,520","9,204","9,445","8,373","10,775","11,744","11,528","12,049","13,480","15,225","15,831","17,133","17,203","15,122","15,487","18,110","17,923","17,979","16,243","16,997","15,435","15,108","14,700","15,553","17,296","17,833","23,037","24,503","25,863","21,086","22,664","23,952","22,850","23,014","21,222","22,702","23,842","24,677","22,599","26,166","27,376","28,262","28,875","29,650","28,300","27,297","28,309","26,364","27,301","26,974","27,014","21,937","24,944","25,850","26,133","24,507","22,857","25,581","24,432","23,930","24,972","25,321",,,,,,,,,,,,,,,,,,,,,,,,,,,,,,,,,,,,,,,,
WA,"59,589","60,453","63,020","65,995","73,545","74,212","81,984","85,540","93,673","101,490","108,705","116,192","144,068","159,157","154,961","155,071","163,048","167,526","173,877","187,174","195,361","232,572","245,242","242,204","246,126","269,906","243,784","255,039","277,088","276,727","160,211","161,887","179,487","203,139","197,040","180,950","184,519","181,798","199,173","200,203","229,046","269,766","215,338","222,811","227,177","223,483","219,418","222,799","235,475","232,848","234,333","206,566","209,823","228,256","226,096","228,389","228,352","236,094","237,541","249,127","222,258","230,147","240,510",,,,,,,,,,,,,,,,,,,,,,,,,,,,,,,,,,,,,,,,
WI,"85,340","90,644","95,870","93,279","93,317","102,778","113,842","119,104","126,604","146,061","148,506","147,530","143,892","164,253","174,345","177,990","177,210","185,377","203,890","209,255","198,347","186,282","188,509","201,951","235,543","222,589","197,672","200,581","219,422","230,200","237,567","247,055","244,032","255,054","260,248","274,547","290,243","288,763","288,591","309,725","320,132","318,350","335,605","335,848","324,649","375,549","354,802","368,929","379,350","352,330","346,165","347,000","333,202","363,380","369,463","353,619","350,504","353,816","366,142","351,183","325,332","346,403","363,467",,,,,,,,,,,,,,,,,,,,,,,,,,,,,,,,,,,,,,,,
WV,"31,421","32,414","35,677","36,663","34,782","36,019","39,438","44,107","48,947","51,071","48,901","53,135","59,843","61,655","63,332","61,385","59,010","62,490","66,065","69,348","67,545","75,548","72,325","73,866","73,797","72,814","73,728","74,881","83,186","87,511","82,304","83,144","85,189","87,932","88,574","92,019","94,701","93,107","95,798","101,520","105,587","104,028","102,012","103,926","104,117","107,274","104,851","108,365","109,403","110,243","112,520","110,295","108,428","110,673","111,523","111,846","110,557","105,806","112,737","109,904","100,034","103,159","106,977",,,,,,,,,,,,,,,,,,,,,,,,,,,,,,,,,,,,,,,,
WY,"8,981","11,062","11,972","12,103","13,751","15,992","18,928","21,167","22,509","24,981","24,506","25,333","29,355","25,643","26,334","21,117","21,197","23,697","24,410","26,515","23,135","23,886","33,041","31,478","35,474","38,839","37,146","36,315","37,773","37,466","39,614","41,770","40,161","44,695","43,857","42,456","47,168","43,586","44,726","44,630","48,113","50,375","50,607","51,894","52,820","54,921","58,407","60,611","62,855","60,347","60,983","63,932","61,009","60,469","59,752","60,521","58,438","57,503","56,716","54,714","50,706","50,203","53,741",,,,,,,,,,,,,,,,,,,,,,,,,,,,,,,,,,,,,,,,
US,"4,356,597","4,467,053","4,749,958","4,960,182","5,158,247","5,508,656","5,986,042","6,510,831","6,941,341","7,391,647","7,881,441","8,216,329","8,693,983","9,056,796","8,840,409","8,919,832","9,535,138","9,790,263","9,996,421","10,133,249","10,052,581","10,093,767","10,193,953","10,229,751","10,745,091","10,848,939","10,951,360","11,367,254","12,089,556","12,569,313","12,682,453","12,870,433","12,886,333","13,191,198","13,517,863","13,992,608","14,379,577","14,874,197","15,234,341","15,652,537","16,514,102","16,554,985","16,630,620","16,612,598","16,932,077","17,101,593","16,889,711","17,488,537","17,562,580","16,990,416","17,146,303","16,875,846","16,370,454","16,835,984","17,126,312","17,041,456","16,781,082","16,482,815","17,020,609","16,586,939","15,298,803","15,875,733","16,545,243",,,,,,,,,,,,,,,,,,,,,,,,,,,,,,,,,,,,,,,,
,,,,,,,,,,,,,,,,,,,,,,,,,,,,,,,,,,,,,,,,,,,,,,,,,,,,,,,,,,,,,,,,,,,,,,,,,,,,,,,,,,,,,,,,,,,,,,,,,,,,,,,
,,,,,,,,,,,,,,,,,,,,,,,,,,,,,,,,,,,,,,,,,,,,,,,,,,,,,,,,,,,,,,,,,,,,,,,,,,,,,,,,,,,,,,,,,,,,,,,,,,,,,,,
,,,,,,,,,,,,,,,,,,,,,,,,,,,,,,,,,,,,,,,,,,,,,,,,,,,,,,,,,,,,,,,,,,,,,,,,,,,,,,,,,,,,,,,,,,,,,,,,,,,,,,,
,,,,,,,,,,,,,,,,,,,,,,,,,,,,,,,,,,,,,,,,,,,,,,,,,,,,,,,,,,,,,,,,,,,,,,,,,,,,,,,,,,,,,,,,,,,,,,,,,,,,,,,
,,,,,,,,,,,,,,,,,,,,,,,,,,,,,,,,,,,,,,,,,,,,,,,,,,,,,,,,,,,,,,,,,,,,,,,,,,,,,,,,,,,,,,,,,,,,,,,,,,,,,,,
,,,,,,,,,,,,,,,,,,,,,,,,,,,,,,,,,,,,,,,,,,,,,,,,,,,,,,,,,,,,,,,,,,,,,,,,,,,,,,,,,,,,,,,,,,,,,,,,,,,,,,,
,,,,,,,,,,,,,,,,,,,,,,,,,,,,,,,,,,,,,,,,,,,,,,,,,,,,,,,,,,,,,,,,,,,,,,,,,,,,,,,,,,,,,,,,,,,,,,,,,,,,,,,
,,,,,,,,,,,,,,,,,,,,,,,,,,,,,,,,,,,,,,,,,,,,,,,,,,,,,,,,,,,,,,,,,,,,,,,,,,,,,,,,,,,,,,,,,,,,,,,,,,,,,,,
,,,,,,,,,,,,,,,,,,,,,,,,,,,,,,,,,,,,,,,,,,,,,,,,,,,,,,,,,,,,,,,,,,,,,,,,,,,,,,,,,,,,,,,,,,,,,,,,,,,,,,,
,,,,,,,,,,,,,,,,,,,,,,,,,,,,,,,,,,,,,,,,,,,,,,,,,,,,,,,,,,,,,,,,,,,,,,,,,,,,,,,,,,,,,,,,,,,,,,,,,,,,,,,
,,,,,,,,,,,,,,,,,,,,,,,,,,,,,,,,,,,,,,,,,,,,,,,,,,,,,,,,,,,,,,,,,,,,,,,,,,,,,,,,,,,,,,,,,,,,,,,,,,,,,,,
,,,,,,,,,,,,,,,,,,,,,,,,,,,,,,,,,,,,,,,,,,,,,,,,,,,,,,,,,,,,,,,,,,,,,,,,,,,,,,,,,,,,,,,,,,,,,,,,,,,,,,,
,,,,,,,,,,,,,,,,,,,,,,,,,,,,,,,,,,,,,,,,,,,,,,,,,,,,,,,,,,,,,,,,,,,,,,,,,,,,,,,,,,,,,,,,,,,,,,,,,,,,,,,
,,,,,,,,,,,,,,,,,,,,,,,,,,,,,,,,,,,,,,,,,,,,,,,,,,,,,,,,,,,,,,,,,,,,,,,,,,,,,,,,,,,,,,,,,,,,,,,,,,,,,,,
