"Total energy expenditures in the commercial sector, million dollars",,,,,,,,,,,,,,,,,,,,,,,,,,,,,,,,,,,,,,,,,,,,,,,,,,,,,,,,,,,,,,,,,,,,,,,,,,,,,,,,,,,,,,,,,,,,,,,,,,,,
,,,,,,,,,,,,,,,,,,,,,,,,,,,,,,,,,,,,,,,,,,,,,,,,,,,,,,,,,,,,,,,,,,,,,,,,,,,,,,,,,,,,,,,,,,,,,,,,,,,,
State,1970,1971,1972,1973,1974,1975,1976,1977,1978,1979,1980,1981,1982,1983,1984,1985,1986,1987,1988,1989,1990,1991,1992,1993,1994,1995,1996,1997,1998,1999,2000,2001,2002,2003,2004,2005,2006,2007,2008,2009,2010,2011,2012,2013,2014,2015,2016,2017,2018,2019,2020,2021,2022,,,,,,,,,,,,,,,,,,,,,,,,,,,,,,,,,,,,,,,,,,,,,,,
AK,39.0,42.3,52.2,49.4,65.2,66.6,69.8,92.4,95.5,82.8,99.3,130.7,164.5,195.3,272.3,274.0,431.6,409.6,266.9,277.3,327.2,334.1,353.7,367.5,360.7,344.3,384.9,357.5,368.8,380.4,380.1,460.9,385.7,388.0,462.2,519.4,606.4,645.8,799.1,731.5,829.0,936.0,898.6,857.2,884.2,895.1,782.9,860.6,875.8,872.8,824.2,925.7,"1,028.0",,,,,,,,,,,,,,,,,,,,,,,,,,,,,,,,,,,,,,,,,,,,,,,
AL,135.4,148.7,167.7,196.2,240.6,270.1,311.6,391.7,401.1,484.3,560.5,751.2,821.2,881.7,853.9,818.4,824.8,835.8,864.9,952.2,984.2,"1,004.8",986.3,"1,035.0","1,059.4","1,070.1","1,142.6","1,365.1","1,416.5","1,489.2","1,607.2","1,656.6","1,659.7","1,744.7","1,909.6","2,059.4","2,386.9","2,523.6","2,836.8","2,693.6","2,876.3","2,882.7","2,794.9","2,841.2","2,940.1","2,990.6","3,060.0","3,107.0","3,189.6","3,159.5","2,888.0","3,154.9","3,757.4",,,,,,,,,,,,,,,,,,,,,,,,,,,,,,,,,,,,,,,,,,,,,,,
AR,88.4,90.9,101.3,112.5,143.3,187.0,220.6,274.9,289.1,321.3,373.3,340.0,418.2,579.2,546.8,544.3,529.4,525.6,556.3,584.6,608.3,619.1,613.0,664.8,658.3,661.5,710.1,733.6,688.7,711.8,788.7,921.2,848.2,882.3,943.8,"1,114.8","1,188.4","1,183.3","1,385.9","1,375.1","1,363.0","1,398.8","1,357.8","1,408.8","1,482.4","1,533.4","1,422.1","1,519.2","1,529.8","1,606.5","1,452.2","1,736.4","2,131.5",,,,,,,,,,,,,,,,,,,,,,,,,,,,,,,,,,,,,,,,,,,,,,,
AZ,108.2,125.6,152.3,177.1,222.2,297.5,353.2,433.3,474.2,551.3,630.0,685.7,813.2,848.8,974.1,"1,110.9","1,156.6","1,197.9","1,274.2","1,347.0","1,437.3","1,449.3","1,533.5","1,562.4","1,595.4","1,603.1","1,679.3","1,720.6","1,806.9","1,863.5","1,982.3","2,053.4","2,074.1","2,102.0","2,230.1","2,410.9","2,763.5","3,035.9","3,343.3","3,240.4","3,256.9","3,356.1","3,339.9","3,443.1","3,466.7","3,683.0","3,650.6","3,711.2","3,794.9","3,624.2","3,454.6","3,832.0","4,408.3",,,,,,,,,,,,,,,,,,,,,,,,,,,,,,,,,,,,,,,,,,,,,,,
CA,908.0,"1,031.7","1,169.6","1,316.5","1,647.3","2,168.9","2,478.3","3,144.8","3,441.8","3,752.3","5,391.0","6,281.0","6,744.3","6,365.6","7,136.6","7,573.6","7,479.3","7,690.8","8,088.7","8,799.3","9,707.2","10,157.1","10,386.1","10,314.8","10,782.9","10,746.1","10,115.9","10,784.5","11,065.2","10,532.4","11,973.6","15,149.6","15,753.8","15,806.3","16,179.3","16,891.7","18,537.9","18,848.1","19,371.3","18,514.6","18,698.1","18,989.9","18,936.5","19,360.4","21,577.6","22,269.4","21,157.9","22,423.2","23,169.3","23,585.6","22,743.7","26,242.0","32,184.5",,,,,,,,,,,,,,,,,,,,,,,,,,,,,,,,,,,,,,,,,,,,,,,
CO,134.0,147.9,164.4,183.8,215.0,258.6,268.7,311.6,369.6,463.0,594.5,734.0,956.5,"1,024.2","1,114.7","1,129.7","1,049.1","1,037.0","1,082.5","1,132.6","1,133.6","1,174.7","1,173.3","1,227.2","1,181.0","1,202.8","1,229.2","1,231.5","1,281.4","1,346.1","1,467.2","1,654.0","1,503.2","1,728.5","1,878.1","2,202.4","2,191.6","2,169.7","2,510.6","2,282.5","2,396.2","2,547.8","2,433.9","2,568.8","2,673.9","2,660.1","2,538.4","2,688.2","2,775.5","2,941.0","2,656.2","3,065.8","3,630.7",,,,,,,,,,,,,,,,,,,,,,,,,,,,,,,,,,,,,,,,,,,,,,,
CT,170.6,193.9,227.3,262.1,367.6,400.5,435.5,472.5,496.8,636.5,734.7,942.4,"1,037.8","1,107.7","1,200.8","1,215.9","1,119.0","1,132.9","1,164.1","1,310.5","1,363.9","1,427.2","1,530.0","1,538.4","1,591.7","1,597.0","1,684.7","1,712.9","1,660.5","1,661.7","1,716.4","1,758.3","1,733.5","2,077.8","2,016.5","2,413.6","2,688.7","3,124.8","3,307.1","2,905.7","2,907.6","2,846.4","2,583.1","2,701.3","2,884.4","2,870.4","2,687.3","2,725.7","2,948.5","2,880.8","2,540.2","2,889.8","3,405.6",,,,,,,,,,,,,,,,,,,,,,,,,,,,,,,,,,,,,,,,,,,,,,,
DC,82.6,92.7,94.8,104.9,138.7,153.5,160.0,178.1,195.3,205.4,242.8,270.0,323.8,386.5,472.3,465.2,461.3,439.1,425.0,429.3,442.5,470.2,486.3,524.5,719.2,727.4,756.3,763.0,760.2,771.3,853.5,893.3,878.4,887.4,946.7,"1,139.0","1,299.3","1,442.7","1,508.4","1,466.2","1,511.5","1,422.0","1,239.6","1,232.9","1,270.1","1,193.9","1,150.1","1,122.2","1,178.6","1,173.0",979.1,"1,127.4","1,403.6",,,,,,,,,,,,,,,,,,,,,,,,,,,,,,,,,,,,,,,,,,,,,,,
DE,34.7,40.8,48.1,57.1,78.1,91.3,98.2,124.7,125.3,167.4,262.4,227.8,193.8,172.3,179.2,182.8,169.4,175.8,194.5,198.6,212.2,222.7,223.0,245.7,248.2,258.5,278.9,299.2,295.9,320.9,315.6,357.8,381.6,396.5,435.3,478.1,609.4,656.1,705.3,737.8,701.3,648.0,612.5,603.2,632.3,619.9,592.5,602.3,650.6,634.6,526.3,575.4,700.8,,,,,,,,,,,,,,,,,,,,,,,,,,,,,,,,,,,,,,,,,,,,,,,
FL,424.8,482.2,544.5,649.0,918.2,"1,052.2","1,154.4","1,308.4","1,400.5","1,650.1","1,966.2","2,637.8","2,544.2","2,772.1","3,228.8","3,755.4","3,599.7","3,633.9","3,845.9","3,994.6","4,283.8","4,375.0","4,287.4","4,459.4","4,381.6","4,577.3","4,856.4","4,997.3","5,078.6","5,083.7","5,556.7","6,434.1","6,257.8","6,920.5","7,700.4","8,563.6","10,318.2","10,335.1","10,900.9","10,976.4","10,205.6","10,316.3","10,061.2","9,962.3","10,502.6","10,587.9","9,999.6","10,427.7","10,548.6","10,559.5","9,550.0","10,700.5","13,141.0",,,,,,,,,,,,,,,,,,,,,,,,,,,,,,,,,,,,,,,,,,,,,,,
GA,209.1,238.5,276.2,319.4,389.1,501.6,584.3,677.8,679.7,742.7,838.5,"1,035.9","1,190.8","1,289.9","1,547.5","1,585.1","1,501.4","1,701.6","1,872.9","1,996.1","2,145.3","2,159.8","2,251.9","2,377.0","2,425.5","2,500.3","2,639.3","2,726.0","2,807.8","2,646.9","3,074.3","3,215.9","3,115.7","3,293.7","3,672.8","4,341.3","4,383.7","4,591.7","5,201.3","4,894.1","5,209.6","5,480.3","5,190.0","5,361.6","5,706.3","5,510.9","5,453.6","5,505.7","5,556.0","5,578.2","5,175.2","5,805.3","7,313.6",,,,,,,,,,,,,,,,,,,,,,,,,,,,,,,,,,,,,,,,,,,,,,,
HI,31.2,33.5,37.2,43.8,52.2,69.0,78.3,92.1,105.2,126.4,176.0,228.1,227.6,211.4,226.7,226.8,202.8,222.1,252.9,270.5,297.4,296.5,328.9,325.7,351.8,380.8,408.8,423.5,422.6,418.2,515.4,529.0,513.7,587.7,668.7,760.2,863.1,876.2,"1,186.2",860.4,"1,010.8","1,281.3","1,301.0","1,280.6","1,275.4","1,010.8",908.2,"1,004.3","1,115.8","1,103.8",908.8,"1,086.9","1,430.5",,,,,,,,,,,,,,,,,,,,,,,,,,,,,,,,,,,,,,,,,,,,,,,
IA,149.3,162.7,183.1,199.9,227.0,284.1,334.2,388.6,419.4,530.8,502.1,654.7,750.9,826.3,792.9,774.3,727.4,651.6,692.6,682.7,688.1,750.7,749.9,820.1,791.7,806.5,862.6,910.3,876.3,900.8,"1,040.1","1,112.7","1,043.7","1,199.3","1,255.7","1,396.5","1,554.2","1,589.7","1,782.2","1,638.6","1,730.5","1,831.9","1,798.4","1,954.9","2,006.2","1,762.7","1,559.8","1,665.4","1,820.2","1,807.3","1,631.1","1,877.3","2,627.8",,,,,,,,,,,,,,,,,,,,,,,,,,,,,,,,,,,,,,,,,,,,,,,
ID,41.0,48.4,53.9,57.1,65.6,91.7,104.1,123.1,115.0,140.2,172.3,191.2,242.8,231.4,249.6,265.2,246.3,245.9,270.1,282.8,282.8,297.4,317.3,300.2,331.7,321.9,352.0,336.8,344.0,371.8,432.4,492.0,543.3,413.1,446.6,494.5,521.4,529.3,602.1,588.7,583.0,614.8,623.5,683.0,700.0,706.4,698.2,736.7,739.8,726.0,711.9,774.9,923.8,,,,,,,,,,,,,,,,,,,,,,,,,,,,,,,,,,,,,,,,,,,,,,,
IL,727.5,791.3,885.7,968.3,"1,167.6","1,420.2","1,694.8","1,914.3","2,236.4","2,462.0","2,803.0","3,335.0","3,688.4","3,973.5","4,031.5","3,774.8","3,760.5","3,750.8","3,751.6","3,870.5","4,000.1","4,141.8","4,072.0","4,408.5","4,355.7","4,465.8","4,729.9","4,820.8","4,639.2","4,689.6","5,257.1","5,575.6","5,530.8","5,507.9","5,565.4","6,290.8","6,366.2","6,747.2","7,695.4","6,719.6","6,499.9","6,384.8","5,751.5","6,155.7","7,147.5","6,505.8","6,453.3","6,629.8","6,837.8","6,653.9","5,987.1","7,120.5","9,139.9",,,,,,,,,,,,,,,,,,,,,,,,,,,,,,,,,,,,,,,,,,,,,,,
IN,244.6,265.1,307.9,329.9,381.3,444.4,517.8,607.7,658.0,766.5,854.2,857.2,"1,010.5","1,139.4","1,283.6","1,241.0","1,226.9","1,218.4","1,418.8","1,429.2","1,400.7","1,427.8","1,431.8","1,514.6","1,561.4","1,550.3","1,622.8","1,694.8","1,701.7","1,728.5","1,895.6","2,206.7","2,029.2","2,255.3","2,354.3","2,613.8","2,733.1","2,764.2","3,213.1","2,941.6","2,838.8","3,003.2","2,967.7","3,204.0","3,408.6","3,200.6","3,136.0","3,300.5","3,510.8","3,502.4","3,227.2","3,674.7","4,414.3",,,,,,,,,,,,,,,,,,,,,,,,,,,,,,,,,,,,,,,,,,,,,,,
KS,111.3,120.5,133.1,138.8,157.2,206.9,266.2,309.9,360.4,418.2,486.8,563.6,650.1,793.4,794.9,769.8,778.8,775.9,797.1,803.8,850.3,876.8,872.5,937.9,949.8,954.8,"1,066.1","1,030.1","1,038.7","1,003.5","1,148.3","1,199.1","1,165.0","1,251.2","1,317.9","1,340.5","1,424.0","1,481.6","1,656.8","1,569.7","1,651.9","1,733.0","1,735.9","1,850.9","1,995.9","1,993.6","2,052.3","2,106.8","2,187.3","2,063.4","1,938.1","2,122.8","2,572.4",,,,,,,,,,,,,,,,,,,,,,,,,,,,,,,,,,,,,,,,,,,,,,,
KY,109.9,108.6,121.1,123.5,154.9,192.9,239.5,311.4,349.3,405.7,565.2,556.9,676.2,742.0,692.0,662.8,651.7,742.4,781.0,801.5,821.4,859.4,841.3,878.4,900.6,922.0,972.0,"1,077.7","1,053.5","1,092.9","1,199.8","1,290.7","1,253.8","1,356.2","1,493.6","1,707.7","1,759.7","1,846.9","2,066.7","1,892.4","1,922.8","2,013.4","1,995.0","2,223.9","2,286.8","2,305.4","2,342.2","2,352.8","2,467.6","2,512.2","2,300.3","2,553.7","3,083.3",,,,,,,,,,,,,,,,,,,,,,,,,,,,,,,,,,,,,,,,,,,,,,,
LA,189.1,204.9,229.8,271.9,344.5,321.5,395.1,511.2,587.5,"1,028.2",984.5,"1,398.6","1,353.6","1,083.7","1,274.6","1,432.3","1,316.5","1,251.0","1,268.7","1,306.0","1,340.1","1,312.8","1,329.0","1,399.1","1,417.7","1,364.2","1,501.0","1,487.7","1,471.3","1,508.8","1,871.1","1,870.2","1,678.2","2,009.3","2,094.1","2,294.0","2,303.4","2,764.2","2,742.3","2,181.4","2,447.3","2,459.2","2,249.4","2,503.3","2,600.7","2,530.4","2,487.0","2,590.9","2,648.3","2,588.5","2,355.1","2,797.1","3,480.2",,,,,,,,,,,,,,,,,,,,,,,,,,,,,,,,,,,,,,,,,,,,,,,
MA,390.8,466.3,507.3,583.8,861.7,967.5,"1,077.2","1,187.0","1,215.2","1,302.2","1,649.4","1,888.9","1,975.1","1,866.6","2,089.3","2,001.4","1,900.9","1,966.8","2,026.0","2,259.5","2,410.0","2,539.8","2,542.9","2,589.0","2,820.2","2,839.7","3,002.6","3,229.7","2,895.0","2,593.0","3,049.8","3,802.5","3,262.2","3,753.0","3,942.3","4,663.1","5,334.3","5,503.6","5,883.0","4,051.2","4,255.9","4,152.2","3,669.9","4,086.3","5,629.8","5,695.6","5,312.2","5,577.1","6,397.8","6,021.9","5,220.6","5,832.3","7,174.4",,,,,,,,,,,,,,,,,,,,,,,,,,,,,,,,,,,,,,,,,,,,,,,
MD,205.7,239.0,264.1,301.5,416.9,483.5,544.5,611.2,664.7,748.0,853.0,920.3,"1,020.1","1,110.8","1,020.1",995.2,980.1,986.8,975.8,973.1,"1,006.1","1,107.6","1,157.7","1,225.0","1,373.3","2,011.8","2,060.0","2,108.9","2,196.9","2,263.6","2,374.4","2,500.2","1,977.2","1,924.4","2,141.3","2,658.3","4,215.3","4,606.8","5,022.3","4,542.4","4,536.2","4,470.0","4,067.7","4,193.5","4,431.6","4,309.3","4,162.0","4,162.6","4,209.1","4,031.8","3,574.8","4,033.0","5,159.3",,,,,,,,,,,,,,,,,,,,,,,,,,,,,,,,,,,,,,,,,,,,,,,
ME,40.7,44.8,50.9,55.7,73.7,97.3,110.6,129.1,131.3,150.9,214.5,244.1,245.1,252.9,301.0,290.9,300.8,284.0,324.6,347.2,391.5,405.4,396.9,423.7,443.2,437.1,505.0,501.0,485.2,507.5,606.6,638.5,615.1,704.1,742.5,853.6,930.6,"1,087.7","1,203.2",967.0,968.6,"1,111.1",981.1,978.6,"1,076.4",936.7,812.5,877.6,"1,040.0",980.2,817.5,"1,014.7","1,321.9",,,,,,,,,,,,,,,,,,,,,,,,,,,,,,,,,,,,,,,,,,,,,,,
MI,471.7,521.6,574.2,655.5,801.3,932.8,"1,091.3","1,137.1","1,252.8","1,467.9","1,799.7","1,971.0","2,151.1","2,303.3","2,435.3","2,528.8","2,420.6","2,549.7","2,564.0","2,684.6","2,695.2","2,778.7","2,795.6","3,364.7","3,446.6","3,506.2","3,714.5","3,705.6","3,625.4","3,812.3","3,960.2","3,838.3","4,065.8","4,110.5","4,498.8","4,954.8","5,220.4","5,383.6","5,711.8","5,264.7","5,331.5","5,777.5","5,679.0","5,805.2","6,291.8","5,681.7","5,545.6","5,742.0","6,004.1","5,963.8","5,593.4","6,324.0","7,148.1",,,,,,,,,,,,,,,,,,,,,,,,,,,,,,,,,,,,,,,,,,,,,,,
MN,161.0,176.5,196.4,207.8,261.4,324.6,362.6,388.8,448.7,473.6,522.1,638.4,794.0,907.1,"1,012.8",993.6,871.1,782.1,896.1,914.9,983.9,948.8,939.9,"1,019.8","1,032.6","1,069.1","1,207.2","1,250.7","1,163.9","1,188.7","1,457.0","2,046.3","1,847.2","2,169.0","2,206.1","2,576.3","2,732.8","2,856.3","3,185.8","2,760.4","2,809.4","2,971.0","2,814.7","3,237.1","3,563.0","3,180.9","3,174.9","3,395.0","3,523.5","3,385.1","3,097.3","3,612.1","4,634.2",,,,,,,,,,,,,,,,,,,,,,,,,,,,,,,,,,,,,,,,,,,,,,,
MO,229.5,248.6,277.3,297.9,343.8,406.6,597.5,674.8,767.8,887.8,950.4,994.6,"1,171.0","1,278.9","1,315.1","1,333.7","1,393.9","1,456.4","1,541.5","1,564.2","1,603.5","1,646.6","1,614.8","1,734.4","1,742.9","1,766.4","1,935.1","1,962.9","1,924.8","1,948.5","2,136.2","2,431.4","2,216.4","2,275.2","2,417.8","2,594.6","2,683.3","2,810.8","3,097.8","2,952.1","3,142.4","3,281.3","3,195.4","3,465.6","3,608.8","3,610.0","3,507.7","3,600.2","3,794.8","3,509.4","3,156.1","3,511.0","4,017.5",,,,,,,,,,,,,,,,,,,,,,,,,,,,,,,,,,,,,,,,,,,,,,,
MS,80.3,92.3,108.4,120.2,155.8,166.3,208.8,250.4,279.0,389.4,424.7,546.5,508.0,530.3,513.4,542.7,561.5,574.7,603.3,640.3,652.2,647.3,642.3,659.8,691.4,701.2,778.7,878.9,907.8,883.4,"1,011.7","1,110.5","1,058.3","1,148.8","1,266.2","1,392.2","1,517.2","1,588.5","1,728.7","1,520.2","1,585.1","1,617.3","1,533.9","1,712.1","1,852.2","1,788.2","1,637.5","1,734.1","1,833.8","1,789.2","1,629.1","1,819.2","2,123.4",,,,,,,,,,,,,,,,,,,,,,,,,,,,,,,,,,,,,,,,,,,,,,,
MT,41.4,43.2,46.8,52.2,58.3,73.4,77.3,83.4,102.6,119.2,127.9,157.6,177.8,221.8,306.5,291.7,275.6,203.5,209.3,212.1,222.1,232.5,234.9,249.8,257.9,257.0,283.1,286.4,286.0,282.8,310.5,368.2,367.2,442.3,482.7,522.8,551.2,570.1,654.3,651.0,620.7,689.7,647.6,677.8,708.7,700.9,691.3,729.3,757.8,762.0,724.6,814.2,921.8,,,,,,,,,,,,,,,,,,,,,,,,,,,,,,,,,,,,,,,,,,,,,,,
NC,197.8,230.2,260.2,296.9,374.6,424.9,485.4,566.3,620.6,686.0,837.2,"1,014.4","1,110.3","1,272.0","1,505.1","1,532.7","1,610.8","1,708.4","1,769.7","1,853.8","1,968.4","2,029.3","2,111.4","2,225.6","2,292.2","2,367.2","2,548.0","2,614.4","2,688.9","2,761.1","3,076.1","3,223.7","3,180.5","3,515.7","3,722.3","4,117.2","4,315.3","4,508.7","4,864.7","4,808.9","4,991.0","4,749.6","4,885.6","4,923.0","5,137.7","5,146.0","5,048.4","5,005.8","5,261.9","5,306.8","4,866.9","5,217.6","6,427.4",,,,,,,,,,,,,,,,,,,,,,,,,,,,,,,,,,,,,,,,,,,,,,,
ND,27.7,27.9,30.6,33.7,46.5,49.3,55.6,60.9,75.7,94.5,128.7,126.6,142.7,155.0,199.4,197.8,179.1,166.7,173.1,172.0,190.8,200.1,191.3,199.3,201.0,215.1,227.8,229.6,222.2,226.7,264.1,307.4,292.6,312.0,335.6,385.6,391.6,414.1,492.8,443.9,483.2,637.6,638.8,783.5,788.5,699.9,695.2,750.1,772.6,781.1,749.5,835.0,"1,028.1",,,,,,,,,,,,,,,,,,,,,,,,,,,,,,,,,,,,,,,,,,,,,,,
NE,88.4,98.9,101.5,108.6,122.9,140.5,177.2,201.0,208.6,253.0,296.2,365.4,404.8,484.6,542.6,533.7,485.9,479.0,515.2,531.1,541.5,560.4,532.6,547.6,589.8,588.4,624.4,627.1,585.8,574.5,675.0,733.0,688.0,722.4,759.3,818.6,865.4,920.1,"1,037.3",956.1,997.0,997.8,989.1,"1,088.1","1,135.7","1,067.8","1,027.6","1,075.4","1,159.7","1,133.5","1,055.9","1,129.2","1,329.7",,,,,,,,,,,,,,,,,,,,,,,,,,,,,,,,,,,,,,,,,,,,,,,
NH,30.2,34.0,37.9,42.1,55.7,65.0,74.7,82.9,97.4,102.7,167.4,187.1,191.1,189.1,205.5,216.1,223.9,269.3,276.3,299.0,325.1,317.0,334.9,352.5,482.9,486.8,512.4,523.5,515.6,537.8,610.8,614.3,585.5,689.4,764.6,904.7,958.4,988.7,"1,064.7",969.2,951.1,"1,028.7",972.8,984.7,"1,095.7","1,018.9",921.4,946.0,"1,083.2","1,034.0",892.9,"1,043.4","1,290.8",,,,,,,,,,,,,,,,,,,,,,,,,,,,,,,,,,,,,,,,,,,,,,,
NJ,479.2,566.7,621.9,712.4,"1,013.5","1,087.2","1,333.9","1,374.5","1,428.7","1,722.5","2,262.4","2,540.8","2,689.8","2,686.8","2,908.9","3,001.4","3,033.6","2,902.9","3,019.0","3,343.8","3,436.6","3,579.9","3,641.9","3,786.1","3,975.1","4,066.8","4,321.6","4,305.0","3,877.6","4,060.4","4,260.2","4,432.9","4,257.5","4,947.1","5,867.2","6,443.4","6,814.2","7,775.1","8,386.4","7,552.0","7,686.9","7,528.7","6,723.1","6,875.3","7,423.2","6,738.7","6,286.9","6,396.5","6,669.7","6,464.7","5,875.8","6,591.9","7,900.0",,,,,,,,,,,,,,,,,,,,,,,,,,,,,,,,,,,,,,,,,,,,,,,
NM,63.1,69.4,77.5,80.3,96.4,100.0,132.2,160.2,188.7,227.2,297.6,342.9,389.0,443.6,482.7,488.6,494.9,497.2,540.6,567.9,580.2,579.0,570.4,620.8,632.7,598.5,619.2,653.9,671.9,660.4,733.5,831.8,785.5,829.3,867.5,963.7,979.7,994.5,"1,161.1",973.0,"1,023.5","1,088.2","1,081.5","1,122.5","1,198.9","1,151.2","1,069.0","1,126.7","1,139.0","1,118.3","1,054.4","1,245.0","1,450.6",,,,,,,,,,,,,,,,,,,,,,,,,,,,,,,,,,,,,,,,,,,,,,,
NV,44.0,49.4,57.5,64.4,80.1,107.2,118.4,134.8,167.7,149.1,152.6,181.7,179.5,225.7,294.7,311.4,296.7,294.9,322.2,340.7,361.1,381.9,391.5,430.2,496.9,492.7,523.4,511.7,567.6,603.5,642.8,813.2,924.2,913.8,"1,007.9","1,149.2","1,322.5","1,341.3","1,337.5","1,317.8","1,223.4","1,136.0","1,094.9","1,120.5","1,196.4","1,301.0","1,133.1","1,229.2","1,339.2","1,351.7","1,225.6","1,368.6","1,856.7",,,,,,,,,,,,,,,,,,,,,,,,,,,,,,,,,,,,,,,,,,,,,,,
NY,"1,314.1","1,528.3","1,691.9","1,953.8","2,840.9","3,064.2","3,375.7","3,742.3","3,742.6","4,077.8","5,197.8","6,214.7","6,718.1","6,970.1","7,399.1","7,346.0","7,079.8","6,835.4","7,006.0","7,417.9","7,847.5","7,867.5","8,191.7","8,705.6","8,967.8","9,429.5","10,001.5","10,354.6","9,811.5","9,491.4","12,512.2","13,123.6","11,895.6","13,734.8","15,012.5","16,399.1","16,935.1","17,396.2","19,470.0","16,446.5","17,651.1","17,298.7","15,518.8","15,983.8","16,352.2","15,191.1","13,881.9","14,347.4","14,888.0","14,132.7","12,864.6","15,064.4","18,645.6",,,,,,,,,,,,,,,,,,,,,,,,,,,,,,,,,,,,,,,,,,,,,,,
OH,542.8,601.9,674.8,727.6,918.8,"1,025.8","1,155.3","1,353.0","1,511.1","1,652.0","2,035.0","2,402.8","2,714.0","2,970.5","3,167.3","3,055.2","3,076.5","3,109.8","3,252.9","3,416.9","3,379.7","3,571.8","3,565.1","3,778.5","3,914.2","3,986.7","4,218.2","4,417.3","4,208.2","4,303.2","4,760.5","5,203.1","4,544.8","5,001.6","5,291.9","5,904.2","6,046.1","6,392.3","6,961.0","6,405.9","6,373.3","6,375.0","5,914.0","5,840.6","6,426.2","6,339.0","6,098.2","6,132.9","6,456.6","6,123.2","5,508.9","6,217.9","7,328.4",,,,,,,,,,,,,,,,,,,,,,,,,,,,,,,,,,,,,,,,,,,,,,,
OK,115.7,123.0,140.8,149.1,176.9,220.2,275.0,348.9,393.5,505.4,510.2,642.5,775.0,876.4,911.5,951.7,922.4,845.7,918.8,878.2,966.9,947.1,920.4,993.0,979.8,947.0,"1,028.4","1,070.0","1,086.6","1,051.2","1,274.5","1,429.0","1,249.9","1,432.9","1,516.5","1,714.0","1,835.3","1,915.3","2,111.4","1,799.9","1,945.4","1,985.0","1,928.5","2,035.4","2,187.9","2,103.0","2,032.0","2,169.1","2,230.0","2,150.9","1,908.3","2,309.4","3,158.9",,,,,,,,,,,,,,,,,,,,,,,,,,,,,,,,,,,,,,,,,,,,,,,
OR,126.9,144.5,157.0,168.1,202.4,226.7,239.8,263.8,302.0,359.7,512.1,510.3,600.3,595.4,695.3,715.8,662.4,690.9,697.6,709.2,742.5,759.5,750.7,794.4,829.5,847.3,897.1,885.0,921.7,965.4,"1,054.0","1,135.6","1,303.7","1,246.4","1,312.6","1,363.0","1,532.2","1,604.8","1,675.2","1,652.5","1,569.9","1,704.3","1,659.2","1,739.7","1,762.0","1,840.0","1,838.2","1,959.4","1,967.0","1,949.6","1,861.2","2,058.1","2,270.1",,,,,,,,,,,,,,,,,,,,,,,,,,,,,,,,,,,,,,,,,,,,,,,
PA,507.5,593.1,659.6,718.0,906.4,"1,127.8","1,246.2","1,438.9","1,536.0","1,716.2","1,989.2","2,392.4","2,654.4","2,782.0","3,044.1","3,020.7","3,031.8","3,007.2","3,085.9","3,386.8","3,587.0","3,742.9","3,823.1","3,856.7","4,103.0","4,185.7","4,398.9","4,468.1","4,386.5","4,224.0","4,837.1","5,419.9","5,171.9","5,562.4","5,823.3","6,472.7","6,688.8","6,974.0","7,618.1","6,712.4","6,940.8","6,639.6","5,977.2","6,176.1","6,541.9","6,315.7","5,742.5","5,862.2","6,281.3","5,816.9","4,917.5","5,669.0","7,347.6",,,,,,,,,,,,,,,,,,,,,,,,,,,,,,,,,,,,,,,,,,,,,,,
RI,51.2,58.6,67.4,74.5,104.5,113.9,121.8,137.5,145.2,172.1,197.9,230.4,234.2,256.4,275.9,275.7,272.6,290.9,288.7,310.5,342.9,364.1,365.4,383.1,412.3,400.3,427.7,448.7,399.4,403.6,482.3,580.6,465.3,544.4,578.6,659.3,726.0,732.3,844.4,765.3,729.1,693.9,641.1,712.0,842.2,807.6,718.6,736.1,861.2,826.5,747.0,805.5,917.4,,,,,,,,,,,,,,,,,,,,,,,,,,,,,,,,,,,,,,,,,,,,,,,
SC,94.9,108.8,121.6,142.3,183.7,255.7,317.7,377.2,396.8,410.2,479.8,540.8,624.2,687.4,711.4,768.1,806.8,851.8,876.4,906.1,929.6,949.9,963.4,"1,028.1","1,063.2","1,113.9","1,171.0","1,185.6","1,270.9","1,303.0","1,423.2","1,462.7","1,463.4","1,598.1","1,714.6","1,925.7","2,012.4","2,099.4","2,329.0","2,208.4","2,369.6","2,372.7","2,371.0","2,432.4","2,612.3","2,632.2","2,668.9","2,733.0","2,730.1","2,780.7","2,535.1","2,767.6","3,298.5",,,,,,,,,,,,,,,,,,,,,,,,,,,,,,,,,,,,,,,,,,,,,,,
SD,35.8,36.8,39.9,42.2,52.9,49.7,58.3,63.8,74.5,83.0,95.7,110.6,124.2,132.3,172.9,177.8,154.0,155.8,159.2,163.1,171.5,173.0,172.8,186.7,201.6,210.9,228.7,233.2,222.6,226.7,264.6,301.9,283.3,321.4,326.6,378.8,382.5,413.8,462.5,434.4,457.4,477.9,470.7,517.7,546.0,531.5,538.3,565.5,588.0,580.9,551.5,620.2,688.8,,,,,,,,,,,,,,,,,,,,,,,,,,,,,,,,,,,,,,,,,,,,,,,
TN,153.1,178.9,197.1,221.0,256.5,291.3,334.7,455.6,623.9,747.8,856.8,"1,058.9","1,276.0","1,244.4",933.3,941.0,860.7,872.2,923.4,"1,039.1","1,087.0","1,084.8",795.5,747.1,747.2,736.6,848.1,"1,945.9","2,014.3","2,034.2","2,167.8","2,312.3","2,278.0","2,429.3","2,612.7","2,875.9","3,120.8","3,190.0","3,600.0","3,398.0","3,545.1","3,680.0","3,472.2","3,959.6","4,181.1","4,217.7","4,193.0","4,225.7","4,659.2","4,577.3","4,139.8","4,633.9","5,417.9",,,,,,,,,,,,,,,,,,,,,,,,,,,,,,,,,,,,,,,,,,,,,,,
TX,517.4,566.0,640.8,714.5,894.1,"1,125.5","1,373.3","1,772.3","2,105.7","2,860.3","3,090.9","3,946.4","4,520.8","5,311.0","5,193.1","5,238.5","4,632.3","4,635.4","4,908.1","5,075.0","5,304.9","5,595.1","5,715.8","6,068.9","6,339.5","6,278.1","6,443.2","6,875.9","6,860.5","7,005.2","8,302.1","9,330.5","8,166.2","9,527.6","9,705.7","11,894.7","12,882.1","12,840.6","14,693.2","13,257.2","13,153.4","13,492.6","12,712.0","12,878.4","13,526.7","13,131.9","13,329.9","13,395.3","13,996.1","13,502.1","12,879.6","15,693.3","18,373.3",,,,,,,,,,,,,,,,,,,,,,,,,,,,,,,,,,,,,,,,,,,,,,,
UT,49.8,55.9,60.7,72.0,92.3,108.4,136.5,148.8,163.8,179.6,218.9,179.9,293.3,300.4,361.8,395.2,383.6,438.2,444.9,428.3,419.9,441.2,433.4,448.9,480.5,485.0,504.9,554.2,569.8,569.7,634.5,763.5,724.7,728.0,813.6,925.8,997.2,"1,031.9","1,085.8","1,063.5","1,082.3","1,193.6","1,238.2","1,340.1","1,364.5","1,381.6","1,394.4","1,421.6","1,431.1","1,397.1","1,330.6","1,491.2","1,740.7",,,,,,,,,,,,,,,,,,,,,,,,,,,,,,,,,,,,,,,,,,,,,,,
VA,229.0,258.5,287.6,331.5,447.5,560.6,618.6,764.0,835.7,964.1,"1,167.9","1,270.0","1,410.7","1,582.0","1,636.7","1,649.0","1,700.5","1,791.5","1,793.4","1,945.8","2,008.0","2,066.5","2,180.5","2,296.3","2,251.2","2,352.9","2,479.2","2,529.3","2,439.7","2,502.5","2,847.7","2,991.3","2,909.9","3,226.2","3,472.5","3,849.5","3,912.2","4,136.7","4,697.4","4,717.5","4,660.9","4,731.5","4,697.4","4,794.2","4,964.0","4,987.0","4,795.2","5,046.2","5,514.4","5,536.4","5,015.1","5,826.2","8,276.5",,,,,,,,,,,,,,,,,,,,,,,,,,,,,,,,,,,,,,,,,,,,,,,
VT,23.6,25.7,30.1,32.9,42.2,46.5,55.7,58.9,62.7,67.7,90.0,101.0,103.8,103.9,110.3,128.4,131.0,167.3,175.7,185.1,190.8,202.7,215.1,211.4,216.6,218.6,240.4,248.0,252.2,271.5,301.1,327.3,315.4,315.9,355.2,374.8,394.3,435.0,460.4,431.6,450.4,506.8,491.2,512.4,533.1,503.0,447.3,444.8,511.5,484.7,444.6,525.1,627.3,,,,,,,,,,,,,,,,,,,,,,,,,,,,,,,,,,,,,,,,,,,,,,,
WA,117.0,128.2,161.2,187.1,208.2,242.7,265.9,305.5,315.8,398.2,505.0,685.7,887.7,881.5,980.8,"1,084.4",936.1,971.5,"1,050.4","1,078.1","1,099.6","1,126.2","1,147.0","1,249.1","1,332.5","1,389.1","1,480.9","1,474.7","1,468.6","1,573.4","1,710.4","2,061.5","2,126.5","2,147.7","2,287.1","2,433.7","2,671.6","2,756.7","2,968.4","2,937.4","2,913.3","3,059.8","3,057.4","3,103.6","3,102.1","3,228.6","3,225.3","3,395.9","3,482.0","3,388.4","3,270.2","3,645.3","4,158.0",,,,,,,,,,,,,,,,,,,,,,,,,,,,,,,,,,,,,,,,,,,,,,,
WI,224.5,238.5,259.5,323.7,369.5,423.9,473.3,561.0,657.2,754.9,865.8,967.9,"1,097.1","1,238.4","1,423.1","1,308.4","1,137.8","1,100.0","1,166.2","1,185.3","1,203.8","1,244.1","1,251.6","1,334.9","1,337.9","1,351.3","1,459.3","1,488.9","1,456.5","1,566.1","1,783.1","1,935.8","1,937.1","2,233.1","2,270.4","2,816.2","2,945.1","3,148.5","3,569.4","3,133.6","3,164.4","3,323.8","3,182.9","3,402.7","3,682.0","3,400.2","3,331.9","3,415.2","3,512.5","3,410.3","3,148.7","3,676.5","4,332.1",,,,,,,,,,,,,,,,,,,,,,,,,,,,,,,,,,,,,,,,,,,,,,,
WV,62.3,71.5,82.9,89.7,112.1,138.4,154.4,179.3,194.8,220.2,253.7,335.3,361.7,392.2,390.1,406.4,399.1,395.0,418.1,437.5,446.9,460.4,466.6,490.8,500.4,526.4,535.5,524.2,532.8,560.7,586.0,605.2,594.2,647.0,685.1,761.7,791.8,801.2,863.3,908.3,921.7,960.5,951.7,940.0,934.0,965.4,982.7,979.1,"1,026.9",990.9,901.4,980.7,"1,148.6",,,,,,,,,,,,,,,,,,,,,,,,,,,,,,,,,,,,,,,,,,,,,,,
WY,22.0,24.0,27.6,27.0,32.1,29.5,32.6,43.3,51.8,65.4,86.6,97.1,149.6,150.9,176.2,195.0,184.0,176.3,175.0,170.7,178.9,187.1,179.9,190.0,186.9,185.4,191.9,190.6,195.1,200.8,235.1,280.6,259.4,277.9,315.8,377.2,421.1,417.9,487.1,467.9,487.6,596.3,565.9,564.8,581.3,537.6,509.0,511.5,497.8,479.7,444.0,490.9,626.0,,,,,,,,,,,,,,,,,,,,,,,,,,,,,,,,,,,,,,,,,,,,,,,
US,"10,677.7","12,021.3","13,463.6","15,149.4","19,578.7","22,955.5","26,446.6","30,725.4","33,562.8","38,943.7","47,074.3","55,629.0","61,502.7","65,027.8","69,588.0","70,719.3","68,633.1","69,095.6","71,965.8","75,907.0","79,602.2","82,095.7","83,004.3","87,093.4","90,007.4","92,103.6","96,411.1","100,756.1","99,489.7","99,678.8","113,420.5","125,787.8","120,161.7","130,239.6","138,688.1","155,156.7","167,625.9","174,792.6","191,543.2","174,680.8","177,662.0","180,474.3","171,694.7","178,184.2","190,719.7","185,970.4","178,884.5","184,768.5","193,164.8","189,335.0","173,851.7","198,929.4","242,917.1",,,,,,,,,,,,,,,,,,,,,,,,,,,,,,,,,,,,,,,,,,,,,,,
,,,,,,,,,,,,,,,,,,,,,,,,,,,,,,,,,,,,,,,,,,,,,,,,,,,,,,,,,,,,,,,,,,,,,,,,,,,,,,,,,,,,,,,,,,,,,,,,,,,,
,,,,,,,,,,,,,,,,,,,,,,,,,,,,,,,,,,,,,,,,,,,,,,,,,,,,,,,,,,,,,,,,,,,,,,,,,,,,,,,,,,,,,,,,,,,,,,,,,,,,
,,,,,,,,,,,,,,,,,,,,,,,,,,,,,,,,,,,,,,,,,,,,,,,,,,,,,,,,,,,,,,,,,,,,,,,,,,,,,,,,,,,,,,,,,,,,,,,,,,,,
,,,,,,,,,,,,,,,,,,,,,,,,,,,,,,,,,,,,,,,,,,,,,,,,,,,,,,,,,,,,,,,,,,,,,,,,,,,,,,,,,,,,,,,,,,,,,,,,,,,,
,,,,,,,,,,,,,,,,,,,,,,,,,,,,,,,,,,,,,,,,,,,,,,,,,,,,,,,,,,,,,,,,,,,,,,,,,,,,,,,,,,,,,,,,,,,,,,,,,,,,
