"Total energy consumption in the industrial sector, billion Btu",,,,,,,,,,,,,,,,,,,,,,,,,,,,,,,,,,,,,,,,,,,,,,,,,,,,,,,,,,,,,,,,,,,,,,,,,,,,,,,,,,,,,,,,,,,,,,,,,,,,,,,
,,,,,,,,,,,,,,,,,,,,,,,,,,,,,,,,,,,,,,,,,,,,,,,,,,,,,,,,,,,,,,,,,,,,,,,,,,,,,,,,,,,,,,,,,,,,,,,,,,,,,,,
State,1960,1961,1962,1963,1964,1965,1966,1967,1968,1969,1970,1971,1972,1973,1974,1975,1976,1977,1978,1979,1980,1981,1982,1983,1984,1985,1986,1987,1988,1989,1990,1991,1992,1993,1994,1995,1996,1997,1998,1999,2000,2001,2002,2003,2004,2005,2006,2007,2008,2009,2010,2011,2012,2013,2014,2015,2016,2017,2018,2019,2020,2021,2022,,,,,,,,,,,,,,,,,,,,,,,,,,,,,,,,,,,,,,,,
AK,"16,472","21,444","24,859","25,598","25,522","22,874","33,619","35,332","36,296","51,183","50,729","53,265","63,913","62,906","59,470","82,004","90,081","117,265","140,107","138,547","136,331","104,650","218,296","229,535","230,543","214,989","211,305","233,511","275,633","302,777","306,147","339,790","365,433","355,720","349,568","412,453","428,644","402,138","412,651","393,602","400,347","408,116","409,411","400,734","387,948","416,229","352,071","354,704","315,931","332,663","324,998","329,624","337,068","332,217","328,162","328,991","327,757","331,033","331,478","333,599","362,064","386,800","429,842",,,,,,,,,,,,,,,,,,,,,,,,,,,,,,,,,,,,,,,,
AL,"494,344","458,933","481,546","489,262","541,272","594,851","622,706","659,626","698,956","750,145","769,298","738,097","792,033","796,124","789,293","770,789","778,107","814,087","809,508","889,463","870,328","832,700","731,210","684,593","768,440","746,724","705,633","747,202","801,416","783,985","762,066","772,671","833,437","869,494","929,432","971,326","975,851","934,894","940,098","972,962","978,320","833,655","841,950","855,029","922,250","912,008","920,116","908,318","865,795","693,508","761,494","791,115","824,770","831,320","846,668","809,939","803,662","813,582","829,542","804,102","757,521","809,562","774,332",,,,,,,,,,,,,,,,,,,,,,,,,,,,,,,,,,,,,,,,
AR,"199,804","195,489","211,260","225,754","249,261","248,229","250,704","269,407","277,492","299,301","310,734","307,325","317,025","364,499","349,208","304,441","345,868","368,179","360,602","383,611","369,266","368,731","329,131","323,522","322,537","324,600","297,067","258,695","320,447","367,293","341,477","321,656","363,372","387,573","409,255","439,398","444,281","458,090","458,164","457,829","469,550","440,731","447,699","437,795","426,905","423,291","437,513","433,350","411,202","357,610","403,739","416,212","401,382","407,322","408,043","371,094","375,115","392,153","406,022","393,734","368,906","381,292","378,860",,,,,,,,,,,,,,,,,,,,,,,,,,,,,,,,,,,,,,,,
AZ,"48,052","78,566","93,789","101,617","96,179","114,321","127,237","114,096","123,599","137,812","149,358","152,281","171,901","183,733","190,410","169,532","182,147","201,234","199,646","223,280","189,053","223,004","183,088","181,179","190,041","187,042","189,451","163,152","178,672","186,447","180,254","184,132","198,463","191,465","202,644","220,914","226,325","228,762","224,771","225,946","217,561","206,781","197,776","192,187","218,525","214,966","220,537","216,154","227,388","192,665","203,234","217,213","213,622","207,217","227,951","226,569","230,097","221,978","219,663","218,053","215,241","214,393","219,493",,,,,,,,,,,,,,,,,,,,,,,,,,,,,,,,,,,,,,,,
CA,"1,162,133","1,179,001","1,185,762","1,296,408","1,419,002","1,433,964","1,515,730","1,561,036","1,649,754","1,718,699","1,794,982","1,783,805","1,836,866","1,939,286","1,869,200","1,828,629","1,885,080","1,962,977","1,846,653","1,979,052","1,816,026","1,617,798","1,476,158","1,552,909","1,808,977","1,806,103","1,715,515","1,875,575","1,818,142","1,864,330","1,841,844","1,884,571","1,903,670","1,802,686","1,854,882","1,772,262","1,806,339","1,942,112","1,960,839","1,984,425","1,991,971","2,011,063","1,877,339","1,847,872","1,923,879","1,856,848","1,819,106","1,830,417","1,784,350","1,649,909","1,666,931","1,693,007","1,675,908","1,801,119","1,778,942","1,769,064","1,746,623","1,708,736","1,739,402","1,690,633","1,605,664","1,597,453","1,539,259",,,,,,,,,,,,,,,,,,,,,,,,,,,,,,,,,,,,,,,,
CO,"169,448","187,555","178,910","178,520","182,866","183,415","174,301","190,040","212,762","212,335","215,738","203,634","228,725","241,627","235,516","228,804","243,740","255,596","246,888","251,137","245,427","213,463","175,343","160,643","178,600","166,932","176,320","174,935","192,741","200,267","210,426","230,139","234,307","250,475","275,044","271,839","285,307","279,255","306,997","279,991","309,713","375,954","353,569","368,878","373,885","383,745","391,499","399,973","402,894","404,982","446,024","407,680","407,984","400,631","415,542","424,884","381,190","386,822","402,951","402,899","388,972","372,958","372,454",,,,,,,,,,,,,,,,,,,,,,,,,,,,,,,,,,,,,,,,
CT,"165,765","164,233","175,097","176,083","197,097","189,344","216,806","214,873","207,697","204,362","198,998","176,909","181,818","196,389","177,791","164,813","190,780","193,920","203,179","174,212","175,853","144,191","142,775","134,916","143,543","145,773","139,839","145,808","145,230","132,726","131,686","135,243","136,969","134,150","131,578","131,729","131,859","127,857","120,249","121,223","124,047","113,548","107,056","121,018","115,780","117,828","110,811","106,839","80,441","86,763","88,337","85,637","83,158","87,869","85,573","78,124","78,647","78,089","76,697","74,356","70,959","65,115","68,726",,,,,,,,,,,,,,,,,,,,,,,,,,,,,,,,,,,,,,,,
DC,"32,543","31,834","30,901","29,099","31,880","41,352","48,958","51,180","47,599","56,845","60,935","57,942","52,445","51,670","40,833","39,639","39,492","43,012","40,399","41,241","39,907","39,186","36,937","37,221","25,453","27,012","27,612","28,447","29,674","31,497","35,800","36,235","35,867","36,129","3,830","3,655","3,335","3,608","3,532","4,022","3,823","4,362","4,357","4,633","4,386","3,913","3,722","4,061","3,510","7,020","7,158","6,652","6,843","6,980","7,064","6,776","5,641","5,499","5,401","4,762","4,652","5,758","5,223",,,,,,,,,,,,,,,,,,,,,,,,,,,,,,,,,,,,,,,,
DE,"65,131","61,220","71,124","76,466","77,471","83,794","87,933","83,518","92,095","99,211","98,322","98,154","102,423","110,557","100,428","89,198","92,582","90,723","93,702","102,740","92,084","70,269","67,894","77,675","87,798","83,874","83,247","82,011","84,399","86,963","101,586","90,320","102,694","104,657","105,360","106,471","104,228","104,895","104,141","108,518","112,374","112,545","112,537","108,858","94,668","97,363","91,627","90,066","89,393","58,010","49,752","84,068","91,457","89,806","86,531","88,192","87,542","83,081","84,286","84,118","83,709","84,236","80,555",,,,,,,,,,,,,,,,,,,,,,,,,,,,,,,,,,,,,,,,
FL,"219,500","232,734","255,247","265,312","276,849","300,196","318,849","306,325","325,869","331,871","355,222","369,912","380,780","419,844","385,965","384,700","434,531","481,749","499,233","542,619","551,256","484,948","413,035","421,458","454,806","457,997","436,392","434,358","475,275","531,683","530,983","523,561","547,714","576,945","581,780","597,099","613,047","584,562","575,060","580,631","559,085","558,883","530,065","543,458","528,991","534,392","550,653","524,362","516,826","465,514","500,684","476,791","472,676","478,208","465,600","490,489","491,108","490,198","482,134","479,615","459,263","487,522","477,095",,,,,,,,,,,,,,,,,,,,,,,,,,,,,,,,,,,,,,,,
GA,"254,662","258,733","284,934","298,329","325,615","366,608","397,515","410,930","430,968","445,468","449,452","466,507","506,439","549,004","523,601","480,246","501,576","510,883","550,453","600,556","578,554","561,728","535,156","565,908","618,259","661,518","619,448","644,045","672,705","738,693","777,837","768,314","781,180","792,789","815,804","872,909","908,368","923,243","892,471","900,749","905,977","838,864","925,110","874,674","911,019","878,525","875,696","848,797","772,243","700,748","751,741","745,480","718,355","743,031","772,291","770,544","761,868","748,866","757,367","753,197","699,943","734,141","738,901",,,,,,,,,,,,,,,,,,,,,,,,,,,,,,,,,,,,,,,,
HI,"20,545","26,737","28,634","29,784","31,648","34,030","35,097","38,008","38,353","40,347","42,943","43,014","48,651","49,316","49,231","49,786","51,127","52,776","52,539","58,541","74,008","73,065","78,892","65,467","64,411","66,751","76,304","79,034","88,225","93,342","98,380","88,496","93,169","91,383","92,326","91,605","94,125","87,341","79,291","76,809","76,669","68,421","70,038","67,947","67,987","71,433","70,418","67,558","64,365","67,714","66,665","65,823","63,131","63,205","62,066","61,672","60,471","57,984","54,099","54,115","44,791","46,572","47,744",,,,,,,,,,,,,,,,,,,,,,,,,,,,,,,,,,,,,,,,
IA,"216,998","214,730","218,468","230,750","248,360","259,028","250,620","272,595","279,969","290,082","302,033","292,083","305,230","343,914","337,557","313,264","342,387","340,276","323,397","367,906","369,311","370,763","342,753","328,993","340,028","329,465","352,437","365,176","396,828","356,229","368,845","386,022","400,716","428,391","451,055","463,958","473,741","470,007","486,508","511,722","507,440","479,109","483,039","470,651","524,679","544,319","561,897","612,170","659,262","675,535","715,149","718,314","689,442","717,858","723,456","733,087","742,859","803,409","831,545","823,635","749,598","764,672","771,307",,,,,,,,,,,,,,,,,,,,,,,,,,,,,,,,,,,,,,,,
ID,"81,491","89,529","92,231","94,607","105,728","109,911","111,550","124,032","138,133","133,935","138,621","140,118","149,595","148,747","152,921","140,676","137,933","132,727","139,652","136,672","128,003","141,101","126,636","127,731","121,596","122,446","118,905","126,330","134,330","153,746","136,570","141,108","149,698","141,794","152,823","153,694","162,804","158,611","168,119","169,729","177,016","163,072","147,158","148,427","166,107","165,242","155,931","164,091","162,300","140,589","155,741","140,777","146,339","149,211","147,614","147,247","140,292","137,274","138,823","137,865","139,101","144,811","148,159",,,,,,,,,,,,,,,,,,,,,,,,,,,,,,,,,,,,,,,,
IL,"1,096,636","1,096,729","1,120,348","1,144,869","1,214,651","1,281,844","1,320,572","1,340,781","1,388,353","1,442,025","1,447,530","1,403,919","1,466,887","1,541,334","1,503,332","1,386,381","1,421,280","1,442,484","1,453,836","1,468,544","1,372,229","1,218,504","1,077,979","1,122,412","1,177,333","1,172,718","1,199,695","1,261,288","1,313,985","1,181,212","1,238,875","1,255,597","1,275,674","1,274,300","1,319,315","1,330,969","1,339,927","1,349,486","1,322,058","1,318,789","1,249,767","1,190,200","1,176,102","1,201,877","1,253,104","1,238,730","1,202,673","1,217,450","1,219,337","1,094,147","1,213,875","1,215,052","1,210,319","1,219,673","1,233,278","1,165,328","1,167,724","1,161,053","1,161,680","1,155,720","1,114,316","1,108,257","1,108,954",,,,,,,,,,,,,,,,,,,,,,,,,,,,,,,,,,,,,,,,
IN,"863,431","876,881","867,636","912,466","978,915","1,029,382","1,104,668","1,094,645","1,137,925","1,191,355","1,210,802","1,185,880","1,307,357","1,347,536","1,310,819","1,244,423","1,252,095","1,312,311","1,324,000","1,385,379","1,247,021","1,233,996","1,039,823","1,050,340","1,045,997","1,088,681","1,022,561","1,109,880","1,165,992","1,154,234","1,194,423","1,155,054","1,162,292","1,199,372","1,172,569","1,189,286","1,245,842","1,247,459","1,258,313","1,310,897","1,339,218","1,268,959","1,322,033","1,345,241","1,390,035","1,351,193","1,330,893","1,360,238","1,322,484","1,183,716","1,288,285","1,298,511","1,278,760","1,306,623","1,315,627","1,286,162","1,253,093","1,217,386","1,283,625","1,283,404","1,161,912","1,221,665","1,180,045",,,,,,,,,,,,,,,,,,,,,,,,,,,,,,,,,,,,,,,,
KS,"262,221","249,911","258,952","246,433","263,113","296,679","330,103","281,360","312,786","325,068","332,667","352,049","371,780","388,421","379,617","343,380","372,989","393,647","401,727","502,746","406,731","361,938","352,020","324,273","411,405","394,708","365,978","396,610","416,533","394,140","417,239","412,480","431,932","424,173","472,193","402,114","401,488","414,081","392,394","402,444","399,934","382,060","391,018","407,714","406,900","360,738","383,534","427,990","377,723","347,750","365,694","362,659","365,517","354,264","360,195","366,129","366,857","364,409","372,009","365,051","363,032","360,586","369,899",,,,,,,,,,,,,,,,,,,,,,,,,,,,,,,,,,,,,,,,
KY,"445,431","440,134","438,288","471,940","475,553","473,539","468,510","473,985","483,507","497,794","503,666","509,915","574,693","582,754","579,236","596,186","651,735","642,006","604,635","632,417","586,480","535,855","499,996","488,114","571,074","554,706","506,563","528,252","551,327","602,336","646,222","632,298","688,722","691,356","737,113","767,067","793,157","769,762","737,942","776,076","741,748","775,279","862,588","827,723","862,925","868,289","891,033","876,323","878,204","812,177","847,587","822,757","826,589","713,353","657,135","633,582","606,835","589,025","601,670","601,113","550,216","591,730","589,194",,,,,,,,,,,,,,,,,,,,,,,,,,,,,,,,,,,,,,,,
LA,"1,061,238","1,115,775","1,120,754","1,261,348","1,342,389","1,284,716","1,394,872","1,587,690","1,722,839","1,943,233","2,032,358","2,085,747","2,204,463","2,363,031","2,412,864","2,141,590","2,520,108","2,832,206","2,949,888","2,801,254","2,679,127","2,670,712","2,434,545","2,307,134","2,421,517","2,194,491","2,290,876","2,383,277","2,381,576","2,520,500","2,554,162","2,516,796","2,633,873","2,679,898","2,769,329","2,790,089","2,880,571","3,012,355","2,728,496","2,732,689","2,919,467","2,557,306","2,640,891","2,527,843","2,735,268","2,596,573","2,777,727","2,941,639","2,933,177","2,733,894","2,839,473","2,853,376","2,816,840","2,746,780","2,783,094","2,761,803","2,868,617","2,999,481","3,049,592","3,070,770","3,050,266","3,015,919","2,950,512",,,,,,,,,,,,,,,,,,,,,,,,,,,,,,,,,,,,,,,,
MA,"286,815","286,648","287,660","270,493","297,498","347,609","362,806","365,043","368,386","361,279","363,011","351,594","357,026","362,908","319,830","281,494","299,629","296,457","291,595","249,210","198,609","220,812","209,721","223,490","244,147","246,939","278,270","272,648","243,357","225,522","221,545","212,483","238,801","240,170","223,699","221,651","219,183","217,094","215,509","228,893","238,940","242,523","243,191","189,000","186,338","187,975","186,035","178,866","162,666","231,102","244,124","243,098","242,341","242,533","161,225","159,266","154,552","146,011","141,513","138,796","131,436","136,696","134,839",,,,,,,,,,,,,,,,,,,,,,,,,,,,,,,,,,,,,,,,
MD,"302,623","296,520","309,439","323,694","352,631","367,938","382,238","376,817","388,049","413,620","415,914","432,361","422,996","485,084","413,763","356,037","403,278","377,363","382,649","437,221","376,307","379,565","340,721","352,231","406,855","382,745","377,385","399,329","406,022","421,810","422,339","388,169","361,263","375,591","359,343","253,836","258,208","279,415","260,174","253,166","254,600","259,099","375,869","434,493","380,193","381,606","180,997","179,318","170,948","147,782","142,671","135,963","124,113","108,631","112,805","111,055","107,631","106,090","101,439","96,872","85,144","89,674","87,499",,,,,,,,,,,,,,,,,,,,,,,,,,,,,,,,,,,,,,,,
ME,"76,647","76,610","69,242","65,979","76,609","67,050","75,686","81,114","83,785","94,454","97,993","139,043","142,704","140,397","131,657","104,147","133,932","140,317","133,069","129,212","164,818","175,527","216,222","188,373","199,750","192,137","193,429","178,721","198,315","199,598","166,771","183,188","201,544","199,515","211,469","193,031","198,871","189,066","163,322","169,286","188,959","170,938","166,293","128,039","145,755","140,369","136,564","148,187","168,840","127,130","138,750","138,984","138,246","135,815","124,363","113,510","97,651","90,602","94,879","95,189","92,681","90,383","82,746",,,,,,,,,,,,,,,,,,,,,,,,,,,,,,,,,,,,,,,,
MI,"783,606","783,069","821,887","880,264","916,885","979,499","1,045,637","1,034,237","1,074,301","1,094,106","1,044,305","1,071,688","1,126,864","1,169,399","1,049,745","1,034,544","1,097,143","1,058,479","1,055,786","1,048,292","988,645","929,745","823,293","821,685","870,278","894,543","905,667","824,587","915,964","897,011","993,310","920,364","948,111","817,244","850,758","892,906","920,502","933,602","913,496","975,815","954,987","870,281","840,179","906,208","868,138","868,194","821,592","774,029","730,794","606,972","690,469","712,185","710,243","734,790","745,402","707,630","692,896","699,600","705,573","694,341","608,887","644,941","664,021",,,,,,,,,,,,,,,,,,,,,,,,,,,,,,,,,,,,,,,,
MN,"274,530","269,254","279,377","279,962","325,883","337,886","351,289","326,001","344,216","392,253","384,241","401,182","426,272","463,840","430,387","429,741","471,850","455,491","492,954","505,912","430,422","404,507","378,409","387,442","406,071","412,830","413,734","441,317","471,065","486,473","533,797","521,194","535,020","540,541","555,433","592,647","615,919","615,368","609,341","615,768","624,254","522,489","532,177","555,904","578,058","573,975","577,103","596,580","619,313","554,146","635,976","634,838","624,138","623,489","646,602","592,309","598,465","596,965","609,825","599,992","550,222","578,780","567,666",,,,,,,,,,,,,,,,,,,,,,,,,,,,,,,,,,,,,,,,
MO,"293,905","290,472","298,936","308,202","322,999","355,257","372,940","359,005","378,482","391,764","390,932","386,159","393,484","427,457","415,209","395,812","386,529","398,604","394,199","392,425","349,542","367,416","335,769","310,865","318,516","335,377","309,969","312,981","328,424","316,228","321,730","314,734","321,487","332,129","354,821","359,091","369,277","366,006","365,603","397,644","371,907","390,990","386,835","379,353","404,921","430,287","441,955","430,404","395,788","341,992","362,923","347,737","352,351","350,903","362,147","356,361","302,588","299,678","306,735","295,268","298,776","296,688","293,797",,,,,,,,,,,,,,,,,,,,,,,,,,,,,,,,,,,,,,,,
MS,"152,071","157,371","163,029","180,288","207,130","208,693","240,424","243,531","266,553","280,597","310,959","323,587","340,555","340,266","315,221","299,085","301,250","313,846","320,114","324,357","295,390","287,626","300,677","313,247","349,064","316,270","306,550","302,791","332,253","376,420","434,085","431,692","442,595","442,106","446,092","452,339","453,801","431,313","400,956","468,178","464,343","407,846","410,985","415,213","443,372","421,953","439,224","445,067","409,445","374,707","412,030","408,881","417,169","400,274","399,716","392,673","385,679","400,047","408,078","394,162","385,193","396,172","405,252",,,,,,,,,,,,,,,,,,,,,,,,,,,,,,,,,,,,,,,,
MT,"101,198","110,261","117,554","124,063","130,290","124,042","135,524","123,091","137,933","158,880","158,640","163,231","164,960","161,939","167,223","153,177","165,362","165,616","164,293","183,690","162,211","148,519","120,548","121,997","131,250","146,804","139,882","140,117","144,517","147,856","134,364","135,749","134,054","136,027","141,743","151,352","145,271","125,284","150,454","154,821","153,298","110,747","123,298","121,658","135,229","139,860","152,112","172,811","160,969","134,487","118,512","109,088","114,618","115,962","114,672","115,754","111,762","115,980","118,574","123,739","114,608","115,918","117,559",,,,,,,,,,,,,,,,,,,,,,,,,,,,,,,,,,,,,,,,
NC,"287,404","299,715","315,501","324,565","348,564","355,651","394,810","406,193","419,149","438,064","457,479","483,322","520,234","543,895","514,438","480,988","527,917","556,173","545,247","606,907","575,625","545,119","508,995","539,827","590,208","581,476","601,688","620,940","637,376","654,733","690,605","661,998","722,900","729,682","723,490","767,272","750,992","758,653","741,555","723,637","740,735","709,692","673,226","655,911","656,501","645,536","635,120","604,025","598,488","517,081","564,267","562,156","563,951","553,378","544,051","546,235","545,231","546,105","546,203","536,569","506,749","529,702","533,517",,,,,,,,,,,,,,,,,,,,,,,,,,,,,,,,,,,,,,,,
ND,"73,970","70,438","71,733","76,337","77,131","74,438","76,021","78,736","77,708","78,351","75,772","76,361","76,431","76,063","73,388","71,068","71,138","67,972","73,676","76,502","64,917","82,162","72,539","76,740","101,079","138,491","148,419","155,020","150,352","159,645","156,112","159,695","169,143","165,200","174,362","175,198","168,005","174,933","178,934","188,582","190,841","201,897","189,650","187,653","187,831","194,684","204,356","205,959","213,792","211,142","237,110","262,460","273,734","289,244","322,955","307,557","297,151","329,300","340,305","343,229","360,566","380,422","380,734",,,,,,,,,,,,,,,,,,,,,,,,,,,,,,,,,,,,,,,,
NE,"91,535","92,787","93,804","94,166","99,982","96,807","121,114","96,711","106,886","113,712","124,375","124,882","125,805","143,860","150,235","156,616","166,349","161,641","160,477","165,129","143,586","128,511","120,866","119,464","120,420","118,957","111,446","123,458","130,645","132,270","133,926","133,264","133,803","150,260","160,508","173,559","178,879","191,692","208,866","199,460","203,584","207,434","210,602","223,138","237,053","238,792","254,036","279,299","307,143","303,052","352,959","361,068","374,598","368,117","365,286","363,414","379,177","378,228","371,940","366,803","356,968","379,505","381,422",,,,,,,,,,,,,,,,,,,,,,,,,,,,,,,,,,,,,,,,
NH,"27,310","27,488","31,800","32,977","34,962","31,993","42,456","36,403","39,026","48,459","52,628","59,046","62,370","64,040","56,901","54,016","63,069","66,214","63,320","55,069","55,727","52,958","53,559","56,000","63,584","67,124","74,047","76,208","72,470","63,074","65,161","55,683","64,120","61,633","48,491","49,422","53,170","50,687","48,443","49,215","55,181","51,631","46,283","50,112","53,257","50,554","45,215","42,799","41,238","35,771","38,329","39,199","39,125","41,673","42,039","40,765","39,789","44,608","40,886","39,245","38,410","38,099","38,045",,,,,,,,,,,,,,,,,,,,,,,,,,,,,,,,,,,,,,,,
NJ,"473,872","495,809","531,610","529,710","534,086","547,186","583,671","604,824","622,395","636,863","641,510","602,409","619,920","645,092","588,992","525,723","584,959","579,859","577,191","649,357","574,433","529,179","495,664","466,257","494,732","447,856","444,437","470,619","466,420","457,215","440,419","443,086","513,054","548,344","535,722","547,071","527,887","547,332","532,180","565,360","410,539","441,138","423,749","394,175","384,716","388,809","363,557","365,314","315,108","262,023","270,220","275,368","273,256","269,317","257,769","261,464","257,412","253,901","259,751","258,978","235,496","239,715","258,076",,,,,,,,,,,,,,,,,,,,,,,,,,,,,,,,,,,,,,,,
NM,"168,059","163,515","188,000","176,616","170,225","154,343","169,913","178,146","188,030","176,738","191,189","191,783","201,022","194,090","189,002","178,195","197,866","176,976","167,386","165,873","161,934","147,279","152,052","163,018","174,661","150,748","131,193","149,450","146,444","152,006","191,585","187,414","193,003","193,439","195,582","203,888","220,336","206,622","196,963","195,359","211,594","203,002","200,200","215,606","225,616","222,595","225,490","248,401","227,007","208,976","211,661","219,912","222,314","217,325","225,793","222,199","217,821","220,053","219,529","231,169","224,891","237,942","248,012",,,,,,,,,,,,,,,,,,,,,,,,,,,,,,,,,,,,,,,,
NV,"22,911","30,148","29,513","30,543","28,828","28,989","36,478","33,871","33,173","36,759","40,544","42,475","45,334","48,959","47,934","44,079","52,484","52,391","54,179","72,128","74,059","71,559","72,547","79,948","67,787","65,320","63,646","71,357","80,619","101,114","107,315","104,810","113,939","120,008","133,635","145,032","149,263","150,237","156,208","156,935","158,904","161,983","152,013","161,699","174,724","182,235","187,531","177,518","173,187","160,791","161,950","152,267","153,087","154,990","167,142","147,663","154,300","153,544","154,265","153,982","136,638","142,204","142,912",,,,,,,,,,,,,,,,,,,,,,,,,,,,,,,,,,,,,,,,
NY,"866,299","917,731","990,852","957,098","1,010,412","1,113,275","1,166,011","1,124,290","1,131,173","1,160,217","1,159,439","1,056,686","1,026,253","1,106,697","1,040,940","915,643","1,030,098","1,034,745","999,439","1,010,730","893,734","840,611","767,119","702,159","706,873","706,614","644,813","675,416","705,836","689,736","668,231","650,749","680,913","668,848","660,506","663,371","684,473","670,330","648,530","595,512","577,750","539,572","510,231","474,234","481,199","474,865","408,271","438,968","379,795","339,506","341,720","344,215","337,932","373,602","371,354","374,987","367,332","361,833","367,397","360,524","333,417","343,397","329,477",,,,,,,,,,,,,,,,,,,,,,,,,,,,,,,,,,,,,,,,
OH,"1,556,605","1,462,766","1,527,238","1,581,492","1,661,258","1,745,816","1,828,256","1,772,942","1,860,020","1,908,695","1,920,065","1,812,724","1,935,222","2,005,831","1,988,567","1,814,064","1,933,290","1,942,813","1,934,957","2,059,412","1,775,780","1,717,913","1,415,886","1,372,701","1,493,671","1,488,716","1,394,750","1,459,049","1,510,618","1,557,687","1,593,638","1,525,282","1,581,510","1,538,819","1,638,983","1,635,857","1,636,396","1,629,742","1,603,687","1,641,694","1,607,933","1,433,659","1,318,380","1,335,929","1,339,089","1,329,632","1,297,144","1,325,322","1,322,123","1,108,424","1,224,151","1,211,872","1,207,740","1,197,613","1,227,527","1,194,717","1,186,701","1,178,161","1,208,423","1,166,919","1,086,836","1,145,085","1,136,821",,,,,,,,,,,,,,,,,,,,,,,,,,,,,,,,,,,,,,,,
OK,"251,048","249,677","339,781","395,211","415,388","378,559","328,186","326,121","363,373","382,637","392,536","409,083","418,397","413,778","445,698","437,428","499,788","519,357","538,456","609,659","509,474","505,686","517,087","508,745","531,909","513,652","465,499","519,573","512,297","533,623","575,368","528,838","540,105","564,509","566,062","553,534","556,096","565,821","539,552","525,427","517,587","500,027","482,244","511,558","540,709","553,206","586,583","564,323","560,360","502,702","540,442","551,339","569,417","571,365","589,260","578,756","587,046","603,629","621,532","618,080","600,123","599,490","617,420",,,,,,,,,,,,,,,,,,,,,,,,,,,,,,,,,,,,,,,,
OR,"184,299","191,457","201,982","206,072","231,580","236,618","252,199","253,985","266,324","277,363","281,143","293,800","304,588","306,666","298,676","308,982","322,943","313,847","333,414","330,522","339,459","348,656","303,324","295,699","344,370","304,434","300,851","328,473","342,813","319,869","225,826","219,666","245,832","236,673","251,513","239,064","251,290","255,507","273,677","272,123","259,849","224,969","212,618","198,039","210,030","216,375","216,307","214,016","211,173","182,045","183,905","181,874","188,043","195,216","195,971","204,245","203,423","209,100","204,530","212,841","212,641","227,172","233,154",,,,,,,,,,,,,,,,,,,,,,,,,,,,,,,,,,,,,,,,
PA,"1,685,056","1,607,175","1,679,583","1,784,921","1,968,389","2,077,758","2,126,013","2,044,901","2,096,070","2,065,781","2,109,714","1,979,068","2,029,065","2,113,617","2,045,543","1,845,685","1,935,491","1,885,905","1,847,436","1,996,662","1,780,025","1,648,369","1,287,968","1,289,754","1,442,088","1,324,285","1,219,999","1,332,747","1,390,160","1,391,254","1,419,768","1,326,049","1,373,415","1,375,232","1,403,020","1,434,087","1,422,333","1,420,056","1,309,778","1,266,085","1,283,411","1,271,018","1,258,482","1,267,099","1,287,915","1,271,750","1,265,585","1,249,614","1,234,128","1,053,052","1,158,678","1,222,393","1,223,289","1,339,115","1,414,247","1,369,196","1,317,483","1,348,163","1,395,059","1,398,545","1,249,122","1,364,951","1,445,261",,,,,,,,,,,,,,,,,,,,,,,,,,,,,,,,,,,,,,,,
RI,"49,083","44,379","51,627","49,913","56,519","45,086","45,936","45,750","50,004","54,774","56,212","59,492","57,359","60,864","53,239","46,583","51,817","58,947","49,549","42,399","35,510","33,403","32,109","32,296","35,478","46,844","38,408","41,080","42,016","36,845","37,201","49,680","77,235","34,703","69,431","60,434","47,357","43,560","61,607","52,431","25,894","23,273","22,149","24,198","24,390","24,131","23,773","20,806","26,736","24,896","24,996","22,127","23,137","25,394","25,093","24,440","23,165","23,349","23,311","22,154","21,923","21,928","22,072",,,,,,,,,,,,,,,,,,,,,,,,,,,,,,,,,,,,,,,,
SC,"205,537","218,134","225,679","237,493","239,530","240,416","260,248","256,576","268,386","290,570","309,981","321,768","356,646","370,180","353,283","319,057","376,355","394,584","379,311","398,543","400,132","420,170","375,553","393,822","434,052","437,448","471,232","497,883","519,971","519,031","537,491","543,519","563,977","580,415","586,343","609,695","617,447","665,520","651,635","642,566","656,822","617,925","630,774","616,572","641,086","628,733","623,355","592,081","562,583","501,703","524,575","535,430","534,239","532,655","549,128","551,010","524,412","528,364","524,530","513,242","478,700","508,432","498,354",,,,,,,,,,,,,,,,,,,,,,,,,,,,,,,,,,,,,,,,
SD,"38,467","37,566","37,116","39,227","40,639","37,925","40,858","38,481","38,025","40,080","42,970","41,160","41,459","42,582","37,956","44,233","47,981","47,651","49,694","53,069","48,056","43,533","48,087","44,439","41,099","40,793","48,664","49,194","53,217","56,612","51,769","48,982","49,550","55,833","52,450","50,289","52,904","53,573","52,365","56,972","61,041","52,052","58,450","66,220","77,383","87,662","93,590","104,837","125,926","132,006","139,650","137,037","138,535","146,153","145,377","148,428","146,785","152,282","154,652","153,829","155,019","162,752","165,837",,,,,,,,,,,,,,,,,,,,,,,,,,,,,,,,,,,,,,,,
TN,"488,213","483,945","485,208","514,664","531,303","557,463","608,097","590,622","587,623","592,020","588,364","568,070","619,807","711,576","689,550","682,006","760,868","761,114","691,223","718,296","679,013","667,078","584,107","614,048","705,227","691,926","670,246","677,038","713,614","706,305","696,211","700,373","785,053","799,653","800,196","821,919","823,657","647,432","696,313","712,907","713,029","736,277","711,578","703,974","722,541","729,775","730,727","715,120","698,090","558,625","611,716","610,412","604,321","552,283","576,316","556,626","574,138","557,722","535,101","515,599","492,013","529,991","514,041",,,,,,,,,,,,,,,,,,,,,,,,,,,,,,,,,,,,,,,,
TX,"3,033,419","3,046,363","3,138,382","3,319,059","3,375,871","3,517,682","3,771,940","3,935,390","4,157,815","4,368,739","4,516,739","4,716,869","4,901,527","5,338,228","5,178,194","4,553,744","4,788,031","5,159,677","5,397,494","5,594,926","5,818,771","5,553,833","4,717,767","4,595,265","4,973,868","4,939,776","4,934,460","5,155,472","5,548,145","5,693,469","5,853,429","5,874,899","6,024,271","6,050,933","6,256,030","6,357,666","6,866,555","7,127,897","7,086,009","6,728,541","6,831,205","6,556,603","6,674,275","6,650,843","6,734,276","6,024,833","6,072,814","5,985,493","5,457,708","5,123,172","5,723,219","5,783,197","5,950,681","6,316,747","6,261,756","6,405,186","6,527,547","6,680,183","7,202,384","7,337,070","7,155,412","7,572,439","7,338,452",,,,,,,,,,,,,,,,,,,,,,,,,,,,,,,,,,,,,,,,
UT,"164,640","160,370","155,964","157,882","172,869","176,579","180,358","169,129","179,127","195,571","192,361","190,412","198,220","212,845","217,165","217,565","224,852","227,050","226,790","230,516","212,890","203,789","180,398","188,915","191,063","176,703","151,003","140,618","190,451","202,826","207,580","213,071","205,684","209,580","210,353","241,804","247,095","239,532","259,733","231,724","252,768","225,017","181,004","201,160","209,373","226,239","217,010","217,492","215,479","198,907","208,264","217,546","232,413","241,544","233,363","224,784","217,068","215,293","211,955","212,786","208,235","205,680","201,038",,,,,,,,,,,,,,,,,,,,,,,,,,,,,,,,,,,,,,,,
VA,"281,638","293,331","300,732","328,373","338,914","373,903","394,005","363,632","378,742","362,945","348,179","350,973","363,634","376,650","357,955","337,857","359,014","372,451","368,191","410,549","419,272","411,969","399,375","420,367","456,730","458,260","462,219","480,864","490,579","507,014","540,318","530,887","533,448","530,398","551,324","564,740","559,232","562,014","573,231","582,775","577,660","539,421","515,432","536,887","559,390","569,011","544,468","540,986","514,113","440,263","445,533","440,429","440,659","441,407","450,324","445,935","436,008","435,557","437,051","430,456","414,340","450,649","417,395",,,,,,,,,,,,,,,,,,,,,,,,,,,,,,,,,,,,,,,,
VT,"13,191","13,803","14,171","13,108","12,384","15,836","18,415","18,449","20,032","21,188","22,680","24,196","23,870","24,892","22,183","21,770","28,987","26,545","28,990","28,488","30,996","30,257","30,468","31,295","35,050","36,319","37,197","33,905","34,854","30,034","20,582","25,173","24,859","22,347","22,393","21,983","22,652","29,308","21,784","22,546","25,692","25,106","23,908","23,085","27,578","26,183","26,145","25,724","22,305","24,223","26,902","25,033","20,991","19,784","20,082","17,015","16,532","17,302","16,588","15,883","16,921","15,847","16,009",,,,,,,,,,,,,,,,,,,,,,,,,,,,,,,,,,,,,,,,
WA,"363,428","373,070","393,450","423,554","453,985","480,165","505,234","522,704","557,974","601,075","583,920","581,567","657,218","659,674","654,996","604,367","618,677","626,903","657,324","638,998","633,899","688,901","593,670","588,541","665,254","611,076","627,192","667,653","738,610","725,096","525,383","493,229","565,439","554,256","564,901","526,373","515,853","516,234","616,976","614,682","546,496","423,420","341,983","352,652","371,420","402,936","435,652","396,380","411,129","400,620","441,934","412,466","426,147","431,807","431,992","436,191","434,763","418,186","421,860","431,420","390,262","383,232","376,242",,,,,,,,,,,,,,,,,,,,,,,,,,,,,,,,,,,,,,,,
WI,"325,340","331,839","347,393","366,407","396,321","419,734","441,467","449,007","465,795","480,984","499,524","484,244","468,453","499,226","470,670","456,786","459,625","508,894","512,540","491,255","548,432","543,962","525,863","536,216","550,817","563,826","513,501","513,126","547,396","526,748","526,739","532,751","539,743","567,906","592,698","616,349","631,078","660,916","652,634","684,540","704,676","682,655","663,404","655,224","678,578","664,278","630,772","628,320","609,257","546,577","583,331","582,227","569,901","590,029","597,297","582,292","575,827","594,171","603,124","572,948","525,105","536,033","535,081",,,,,,,,,,,,,,,,,,,,,,,,,,,,,,,,,,,,,,,,
WV,"400,462","434,195","432,922","457,129","494,625","508,610","514,362","472,968","523,221","520,286","507,393","475,886","500,720","504,495","498,521","446,620","477,028","453,415","426,389","434,447","410,470","391,901","344,179","307,953","334,110","289,706","305,921","314,470","342,196","354,069","347,145","313,490","305,802","312,013","327,306","320,597","301,298","293,014","317,945","292,748","297,933","295,237","319,969","282,886","293,414","281,481","314,396","335,598","335,233","249,276","279,577","284,606","281,494","289,569","314,306","314,792","306,690","323,150","352,320","369,138","372,063","391,234","383,916",,,,,,,,,,,,,,,,,,,,,,,,,,,,,,,,,,,,,,,,
WY,"74,250","85,277","97,891","92,831","90,991","91,242","93,645","104,933","122,780","137,158","140,233","145,260","155,883","158,640","153,351","159,398","176,671","195,273","207,739","224,609","214,576","202,248","202,923","180,443","198,726","202,126","190,628","208,712","207,589","217,443","242,564","232,509","265,927","238,556","243,511","225,770","229,865","232,982","235,579","226,126","230,022","236,386","234,878","245,142","239,722","237,725","251,290","287,175","298,646","289,598","302,647","320,623","317,490","308,020","301,025","278,883","275,201","303,439","324,086","311,549","279,347","276,379","288,335",,,,,,,,,,,,,,,,,,,,,,,,,,,,,,,,,,,,,,,,
US,"20,267,646","20,373,464","21,162,287","22,169,547","23,487,610","24,423,674","25,751,640","25,927,732","27,182,197","28,310,942","28,827,671","28,747,829","30,121,353","31,846,959","30,873,803","28,548,531","30,547,808","31,599,210","31,889,835","33,077,128","31,258,681","29,973,417","26,767,476","26,491,629","28,649,656","28,063,159","27,494,738","28,681,032","30,097,285","30,571,437","30,961,910","30,546,841","31,829,411","31,852,424","32,796,396","33,171,726","34,037,197","34,395,699","33,982,229","33,878,265","33,941,823","32,152,473","32,094,803","31,966,940","32,952,795","31,896,055","31,797,012","31,900,522","30,807,111","27,873,853","30,033,583","30,227,883","30,323,858","30,818,006","30,979,656","30,647,235","30,539,089","30,892,053","31,825,729","31,720,934","30,295,332","31,376,215","31,049,731",,,,,,,,,,,,,,,,,,,,,,,,,,,,,,,,,,,,,,,,
,,,,,,,,,,,,,,,,,,,,,,,,,,,,,,,,,,,,,,,,,,,,,,,,,,,,,,,,,,,,,,,,,,,,,,,,,,,,,,,,,,,,,,,,,,,,,,,,,,,,,,,
,,,,,,,,,,,,,,,,,,,,,,,,,,,,,,,,,,,,,,,,,,,,,,,,,,,,,,,,,,,,,,,,,,,,,,,,,,,,,,,,,,,,,,,,,,,,,,,,,,,,,,,
,,,,,,,,,,,,,,,,,,,,,,,,,,,,,,,,,,,,,,,,,,,,,,,,,,,,,,,,,,,,,,,,,,,,,,,,,,,,,,,,,,,,,,,,,,,,,,,,,,,,,,,
,,,,,,,,,,,,,,,,,,,,,,,,,,,,,,,,,,,,,,,,,,,,,,,,,,,,,,,,,,,,,,,,,,,,,,,,,,,,,,,,,,,,,,,,,,,,,,,,,,,,,,,
,,,,,,,,,,,,,,,,,,,,,,,,,,,,,,,,,,,,,,,,,,,,,,,,,,,,,,,,,,,,,,,,,,,,,,,,,,,,,,,,,,,,,,,,,,,,,,,,,,,,,,,
,,,,,,,,,,,,,,,,,,,,,,,,,,,,,,,,,,,,,,,,,,,,,,,,,,,,,,,,,,,,,,,,,,,,,,,,,,,,,,,,,,,,,,,,,,,,,,,,,,,,,,,
,,,,,,,,,,,,,,,,,,,,,,,,,,,,,,,,,,,,,,,,,,,,,,,,,,,,,,,,,,,,,,,,,,,,,,,,,,,,,,,,,,,,,,,,,,,,,,,,,,,,,,,
,,,,,,,,,,,,,,,,,,,,,,,,,,,,,,,,,,,,,,,,,,,,,,,,,,,,,,,,,,,,,,,,,,,,,,,,,,,,,,,,,,,,,,,,,,,,,,,,,,,,,,,
,,,,,,,,,,,,,,,,,,,,,,,,,,,,,,,,,,,,,,,,,,,,,,,,,,,,,,,,,,,,,,,,,,,,,,,,,,,,,,,,,,,,,,,,,,,,,,,,,,,,,,,
,,,,,,,,,,,,,,,,,,,,,,,,,,,,,,,,,,,,,,,,,,,,,,,,,,,,,,,,,,,,,,,,,,,,,,,,,,,,,,,,,,,,,,,,,,,,,,,,,,,,,,,
,,,,,,,,,,,,,,,,,,,,,,,,,,,,,,,,,,,,,,,,,,,,,,,,,,,,,,,,,,,,,,,,,,,,,,,,,,,,,,,,,,,,,,,,,,,,,,,,,,,,,,,
,,,,,,,,,,,,,,,,,,,,,,,,,,,,,,,,,,,,,,,,,,,,,,,,,,,,,,,,,,,,,,,,,,,,,,,,,,,,,,,,,,,,,,,,,,,,,,,,,,,,,,,
,,,,,,,,,,,,,,,,,,,,,,,,,,,,,,,,,,,,,,,,,,,,,,,,,,,,,,,,,,,,,,,,,,,,,,,,,,,,,,,,,,,,,,,,,,,,,,,,,,,,,,,
,,,,,,,,,,,,,,,,,,,,,,,,,,,,,,,,,,,,,,,,,,,,,,,,,,,,,,,,,,,,,,,,,,,,,,,,,,,,,,,,,,,,,,,,,,,,,,,,,,,,,,,
