"Total energy expenditures in the industrial sector, million dollars",,,,,,,,,,,,,,,,,,,,,,,,,,,,,,,,,,,,,,,,,,,,,,,,,,,,,,,,,,,,,,,,,,,,,,,,,,,,,,,,,,,,,,,,,,,,,,,,,,,,
,,,,,,,,,,,,,,,,,,,,,,,,,,,,,,,,,,,,,,,,,,,,,,,,,,,,,,,,,,,,,,,,,,,,,,,,,,,,,,,,,,,,,,,,,,,,,,,,,,,,
State,1970,1971,1972,1973,1974,1975,1976,1977,1978,1979,1980,1981,1982,1983,1984,1985,1986,1987,1988,1989,1990,1991,1992,1993,1994,1995,1996,1997,1998,1999,2000,2001,2002,2003,2004,2005,2006,2007,2008,2009,2010,2011,2012,2013,2014,2015,2016,2017,2018,2019,2020,2021,2022,,,,,,,,,,,,,,,,,,,,,,,,,,,,,,,,,,,,,,,,,,,,,,,
AK,28.3,31.2,41.0,35.1,50.7,83.6,111.0,147.7,172.8,170.3,129.2,175.1,250.2,159.3,117.2,248.9,183.0,136.9,163.0,152.1,165.3,180.8,196.6,199.5,191.9,217.9,254.4,266.4,213.4,236.0,246.1,302.5,236.9,210.5,272.0,335.7,369.1,449.8,576.3,646.0,796.4,"1,156.4","1,282.5","1,232.0","1,201.3","1,010.7",773.9,637.5,616.2,604.8,549.0,827.3,"1,403.8",,,,,,,,,,,,,,,,,,,,,,,,,,,,,,,,,,,,,,,,,,,,,,,
AL,377.1,410.3,473.0,550.5,850.0,"1,037.1","1,161.8","1,457.3","1,549.7","1,949.7","2,043.6","2,296.3","2,230.4","2,116.8","2,334.7","2,201.8","1,948.5","1,956.8","2,036.5","2,136.8","2,193.9","2,228.0","2,305.3","2,419.4","2,425.4","2,506.7","2,690.9","2,537.8","2,482.6","2,597.8","2,908.5","2,893.6","2,826.3","3,212.2","3,721.7","4,514.2","4,800.2","4,786.9","5,565.6","3,723.1","4,231.9","4,722.5","4,808.9","4,801.5","4,983.3","4,241.2","4,003.4","4,262.5","4,447.3","4,183.9","3,638.4","4,612.3","6,044.2",,,,,,,,,,,,,,,,,,,,,,,,,,,,,,,,,,,,,,,,,,,,,,,
AR,155.7,167.0,193.6,245.6,348.6,367.1,488.7,610.6,613.1,757.0,938.5,"1,083.6","1,043.4","1,027.0","1,038.9","1,062.3",912.8,770.1,919.0,"1,065.0","1,047.4","1,018.5","1,134.8","1,200.5","1,203.9","1,231.4","1,363.3","1,459.0","1,353.1","1,419.1","1,784.7","1,870.3","1,727.4","1,864.3","2,047.2","2,497.4","2,770.6","2,820.4","3,460.1","2,125.2","2,519.6","2,871.2","2,685.0","2,975.9","2,975.6","2,349.0","2,202.5","2,416.7","2,601.9","2,557.5","2,262.3","2,862.5","3,592.0",,,,,,,,,,,,,,,,,,,,,,,,,,,,,,,,,,,,,,,,,,,,,,,
AZ,115.6,125.9,145.9,181.8,263.8,305.0,344.9,429.9,475.0,600.4,653.7,771.8,733.5,786.9,812.8,792.5,746.8,713.8,777.1,793.7,822.9,841.4,932.2,972.8,991.0,"1,041.6","1,098.9","1,089.8","1,019.7","1,030.1","1,110.1","1,105.2","1,046.4","1,091.4","1,333.8","1,603.2","1,744.5","1,832.2","2,357.5","1,728.8","1,997.6","2,428.6","2,411.1","2,378.8","2,395.7","2,011.4","1,902.2","2,043.7","2,168.4","2,137.5","1,888.9","2,347.3","3,148.9",,,,,,,,,,,,,,,,,,,,,,,,,,,,,,,,,,,,,,,,,,,,,,,
CA,940.2,"1,025.3","1,123.9","1,339.0","1,930.1","2,319.1","2,737.9","3,422.9","3,632.6","4,637.9","6,105.0","6,438.2","6,779.4","6,541.8","7,853.9","8,194.4","6,759.6","7,154.9","6,892.1","7,366.7","7,784.0","7,877.3","7,860.6","7,041.5","7,518.7","7,739.6","7,610.0","8,514.7","7,871.3","7,977.8","10,336.3","11,989.0","10,066.9","11,659.7","12,873.7","14,369.5","14,343.9","14,137.9","15,907.1","11,861.1","12,872.6","14,577.9","13,716.5","15,748.1","16,542.2","14,492.0","13,727.7","14,465.1","15,417.9","15,413.2","14,355.4","17,270.2","21,492.7",,,,,,,,,,,,,,,,,,,,,,,,,,,,,,,,,,,,,,,,,,,,,,,
CO,123.9,135.4,152.7,180.3,276.0,314.5,380.3,434.7,467.3,553.1,748.7,716.9,618.4,610.6,688.8,632.3,607.6,565.7,635.7,635.2,655.7,685.6,711.3,739.2,835.7,861.5,934.4,905.5,930.9,845.6,"1,184.4","1,769.5","1,384.8","1,504.6","1,858.3","2,336.5","2,861.9","2,539.5","2,979.0","2,219.4","2,704.5","2,582.7","2,527.0","2,708.9","2,965.2","2,566.7","2,290.0","2,455.8","2,818.3","2,793.2","2,414.9","2,967.1","3,852.7",,,,,,,,,,,,,,,,,,,,,,,,,,,,,,,,,,,,,,,,,,,,,,,
CT,171.3,176.8,201.1,242.6,399.0,416.6,482.2,528.0,557.9,618.8,807.0,811.2,828.7,774.0,839.2,831.4,714.8,733.9,717.1,743.5,776.5,791.9,814.0,797.7,766.6,768.7,792.7,777.4,705.1,695.1,798.8,787.2,708.0,904.0,947.5,"1,215.5","1,357.3","1,396.2","1,215.1","1,107.5","1,198.8","1,214.9","1,099.6","1,113.5","1,125.1",901.7,841.2,879.2,955.9,912.4,816.2,732.0,"1,123.4",,,,,,,,,,,,,,,,,,,,,,,,,,,,,,,,,,,,,,,,,,,,,,,
DC,50.6,62.0,57.6,65.1,92.0,94.4,93.3,111.5,125.7,128.4,158.6,170.5,210.8,218.4,145.8,161.2,161.0,156.6,153.5,155.3,160.2,170.5,174.7,180.0,18.2,15.9,15.3,17.4,15.0,18.1,17.9,24.5,24.0,31.8,28.1,52.2,60.7,42.3,44.3,73.2,83.2,90.3,94.9,91.4,100.2,83.7,56.4,60.4,70.4,60.9,54.8,73.4,89.4,,,,,,,,,,,,,,,,,,,,,,,,,,,,,,,,,,,,,,,,,,,,,,,
DE,55.8,65.9,79.4,96.9,152.7,152.6,160.5,182.1,204.1,261.9,316.2,273.7,273.3,276.8,333.3,335.7,268.9,251.3,249.6,254.6,284.1,266.4,271.2,297.5,296.2,288.8,317.1,313.3,305.8,323.5,355.5,411.5,398.5,420.1,424.2,515.5,571.5,557.1,701.6,640.6,449.1,644.1,710.5,584.2,555.5,529.1,449.8,447.1,483.5,454.3,436.8,491.7,544.0,,,,,,,,,,,,,,,,,,,,,,,,,,,,,,,,,,,,,,,,,,,,,,,
FL,249.7,280.1,310.1,375.6,548.3,685.9,816.5,949.4,"1,047.4","1,424.9","2,004.4","2,115.2","1,812.6","1,843.7","2,083.8","2,064.6","1,695.2","1,624.9","1,675.8","1,780.4","1,836.8","1,770.6","1,772.8","1,992.6","1,951.7","2,084.6","2,264.2","2,171.6","2,044.1","2,163.9","2,498.3","2,737.5","2,422.8","2,794.4","3,047.7","3,774.8","4,559.2","4,325.1","5,036.2","3,960.0","4,439.8","4,512.1","4,244.4","4,182.8","4,305.8","4,045.5","3,655.8","3,963.8","4,218.3","4,079.6","3,507.7","4,413.4","5,985.9",,,,,,,,,,,,,,,,,,,,,,,,,,,,,,,,,,,,,,,,,,,,,,,
GA,290.8,340.1,383.2,457.5,669.0,754.9,862.0,989.9,"1,197.0","1,485.7","1,779.8","1,925.2","2,015.1","2,123.1","2,403.0","2,584.9","2,175.8","2,227.4","2,333.2","2,514.3","2,638.4","2,559.4","2,606.8","2,734.9","2,700.1","2,824.5","3,024.8","2,971.4","2,861.4","2,879.7","3,337.5","3,419.6","3,379.9","3,626.2","4,280.9","5,508.7","5,561.3","5,326.0","6,013.2","4,311.6","4,673.5","5,135.4","4,642.1","5,000.5","5,372.3","4,324.4","4,191.1","4,449.7","4,709.4","4,592.2","3,803.9","4,962.1","7,077.1",,,,,,,,,,,,,,,,,,,,,,,,,,,,,,,,,,,,,,,,,,,,,,,
HI,35.7,43.6,48.9,56.3,79.3,109.8,111.3,129.0,149.5,195.5,283.0,434.2,496.8,357.5,343.7,336.8,250.3,261.1,262.0,279.6,343.1,346.2,349.9,399.1,412.0,431.9,467.5,451.4,398.6,394.7,498.3,476.5,444.5,500.5,562.5,673.7,755.9,776.3,"1,056.7",789.7,934.1,"1,182.4","1,241.4","1,289.1","1,319.0","1,010.2",865.5,952.5,"1,063.6","1,076.5",892.4,"1,054.6","1,500.0",,,,,,,,,,,,,,,,,,,,,,,,,,,,,,,,,,,,,,,,,,,,,,,
IA,276.1,274.4,301.7,363.5,480.9,532.3,652.9,753.5,790.4,"1,026.3","1,221.6","1,396.3","1,372.7","1,322.7","1,378.1","1,414.4","1,275.8","1,144.2","1,206.3","1,082.7","1,144.5","1,197.8","1,387.0","1,620.5","1,635.4","1,628.7","1,629.9","1,673.0","1,672.2","1,835.6","2,309.8","2,337.2","2,170.9","2,167.9","2,775.9","3,490.4","3,811.0","4,017.4","5,020.3","3,965.9","3,982.7","4,264.9","3,807.1","4,168.5","4,611.1","3,697.9","3,525.1","4,222.3","4,672.0","4,331.4","3,984.9","5,153.1","6,496.6",,,,,,,,,,,,,,,,,,,,,,,,,,,,,,,,,,,,,,,,,,,,,,,
ID,90.3,97.6,103.6,118.8,170.9,197.2,209.4,225.2,264.6,307.5,375.4,430.1,398.9,420.5,383.3,389.6,326.7,413.8,384.0,417.2,432.7,456.3,450.5,455.5,497.3,534.6,611.0,565.8,581.8,581.6,662.7,722.5,725.0,727.0,847.2,"1,039.8","1,061.3","1,099.1","1,234.2","1,077.6","1,186.3","1,367.3","1,347.9","1,363.0","1,427.6","1,248.3","1,109.0","1,132.2","1,220.3","1,071.8","1,060.9","1,236.3","1,533.0",,,,,,,,,,,,,,,,,,,,,,,,,,,,,,,,,,,,,,,,,,,,,,,
IL,"1,060.9","1,110.3","1,220.6","1,390.1","1,972.2","2,178.0","2,451.4","2,796.1","3,160.8","3,804.5","4,587.9","4,851.1","4,536.9","4,981.8","5,056.3","5,267.8","5,068.5","5,194.4","5,018.8","4,384.2","4,702.9","4,715.8","4,724.2","5,099.9","5,038.9","4,983.6","5,317.4","5,236.2","4,808.9","4,965.4","5,571.6","5,550.9","5,050.6","5,733.0","6,402.2","7,431.4","7,501.2","8,651.1","10,008.0","7,288.1","7,753.3","8,116.3","7,103.7","7,354.4","8,325.8","6,439.3","5,805.1","6,184.4","6,735.2","6,367.2","5,528.5","7,264.7","9,380.1",,,,,,,,,,,,,,,,,,,,,,,,,,,,,,,,,,,,,,,,,,,,,,,
IN,740.8,797.0,934.9,"1,071.7","1,644.7","1,934.6","1,973.6","2,435.8","2,814.6","3,192.9","3,379.5","3,903.0","3,595.8","3,695.8","3,687.3","3,813.3","3,444.9","3,382.8","3,461.4","3,480.2","3,617.2","3,526.3","3,429.0","3,619.6","3,829.5","3,576.7","3,819.7","4,005.5","3,953.6","4,140.6","4,539.8","4,997.5","4,632.0","5,362.3","5,839.8","6,988.7","7,277.2","7,337.6","8,327.9","6,348.3","6,786.8","7,996.9","8,081.1","8,073.2","8,459.9","7,443.2","6,554.2","7,297.6","7,884.4","7,955.5","6,653.5","7,974.8","9,932.4",,,,,,,,,,,,,,,,,,,,,,,,,,,,,,,,,,,,,,,,,,,,,,,
KS,164.2,177.1,191.3,222.5,302.9,347.9,437.5,542.6,607.2,919.0,988.0,"1,243.6","1,191.5","1,188.7","1,681.7","1,453.7","1,457.1","1,456.8","1,462.4","1,431.2","1,288.2","1,166.9","1,469.2","1,202.5","1,424.4","1,128.0","1,361.8","1,477.0","1,348.2","1,514.7","1,839.9","1,752.5","1,525.4","2,051.6","2,328.8","1,967.4","2,217.3","3,420.9","2,841.7","1,797.4","2,171.8","2,331.5","2,219.8","2,228.4","2,370.9","1,945.8","1,780.5","1,935.1","2,158.6","1,995.8","1,815.0","2,215.1","3,229.3",,,,,,,,,,,,,,,,,,,,,,,,,,,,,,,,,,,,,,,,,,,,,,,
KY,333.7,370.6,445.1,486.4,670.5,888.9,"1,030.2","1,166.0","1,273.4","1,521.2","1,770.3","1,933.9","1,894.6","1,856.3","2,234.8","2,272.4","2,024.4","1,994.1","2,053.9","2,091.5","2,085.4","1,958.5","1,996.4","2,106.9","2,199.4","2,119.4","2,338.2","2,302.9","2,124.8","2,257.0","2,539.2","2,813.8","2,805.2","3,000.0","3,425.8","4,226.9","4,649.9","4,758.2","5,683.2","4,323.4","5,233.5","5,876.7","5,334.6","4,797.4","4,254.5","3,311.3","2,997.7","3,102.9","3,408.9","3,272.4","2,727.3","3,677.4","4,826.6",,,,,,,,,,,,,,,,,,,,,,,,,,,,,,,,,,,,,,,,,,,,,,,
LA,703.5,768.4,901.5,"1,107.5","2,019.9","2,089.6","2,629.6","3,475.0","3,753.0","4,990.1","6,998.1","8,980.6","8,514.6","8,107.4","7,609.5","6,805.8","5,127.5","5,215.0","5,091.4","5,656.4","6,754.8","6,390.2","5,901.1","6,233.5","6,461.6","6,279.9","8,106.1","7,788.3","5,774.8","7,141.2","11,881.7","10,205.0","9,501.1","11,466.9","15,697.0","19,580.7","22,417.4","25,610.9","37,075.0","19,532.9","23,638.3","27,602.6","21,491.0","20,570.8","21,342.7","12,908.8","11,886.6","15,477.7","17,569.8","15,122.7","12,024.2","19,820.3","23,075.3",,,,,,,,,,,,,,,,,,,,,,,,,,,,,,,,,,,,,,,,,,,,,,,
MA,286.7,340.4,369.9,420.8,673.2,664.1,716.8,768.7,768.9,801.8,950.5,"1,288.1","1,163.4","1,250.6","1,401.0","1,310.9","1,197.2","1,301.4","1,147.4","1,222.1","1,324.1","1,288.1","1,392.8","1,454.8","1,398.5","1,352.0","1,434.8","1,488.5","1,391.5","1,381.6","1,716.0","2,031.2","1,802.2","1,680.1","1,739.8","2,040.0","2,520.5","2,496.4","2,566.4","3,331.1","3,433.2","3,538.1","3,243.8","3,353.0","2,267.3","2,056.5","1,810.2","1,874.4","2,095.5","2,007.4","1,853.5","2,093.4","2,635.9",,,,,,,,,,,,,,,,,,,,,,,,,,,,,,,,,,,,,,,,,,,,,,,
MD,304.8,368.8,377.6,470.0,721.9,748.4,866.2,876.7,989.1,"1,188.0","1,313.8","1,486.1","1,433.3","1,501.1","1,745.4","1,646.3","1,578.8","1,559.2","1,505.2","1,731.1","1,754.0","1,600.0","1,545.6","1,615.3","1,541.1",910.8,"1,056.5","1,034.7",989.7,997.6,"1,196.1","1,170.7","1,508.1","2,060.5","2,086.2","2,541.1","1,615.0","1,663.6","1,968.8","1,405.7","1,336.4","1,423.7","1,257.0","1,176.0","1,297.4","1,078.0",916.8,"1,045.1","1,057.5","1,036.5",872.4,"1,042.3","1,352.7",,,,,,,,,,,,,,,,,,,,,,,,,,,,,,,,,,,,,,,,,,,,,,,
ME,60.4,87.0,87.3,97.4,193.8,156.9,201.9,242.4,220.3,282.1,336.5,429.1,611.4,417.8,500.2,462.9,422.6,402.0,456.0,517.7,514.5,573.2,621.0,642.2,682.8,653.9,645.4,636.7,546.1,559.3,713.2,741.3,791.5,569.6,754.1,877.4,"1,074.8","1,273.8","1,377.1",920.4,"1,081.1","1,138.8","1,070.1","1,033.2","1,028.5",813.4,646.7,652.3,755.3,719.2,663.8,761.6,932.5,,,,,,,,,,,,,,,,,,,,,,,,,,,,,,,,,,,,,,,,,,,,,,,
MI,841.5,916.8,"1,029.2","1,182.7","1,607.6","1,986.1","2,246.4","2,412.5","2,627.8","2,950.0","3,365.7","3,589.8","3,399.3","3,487.4","3,763.9","4,057.0","3,870.3","3,512.0","3,813.7","3,871.2","4,113.9","4,083.9","4,209.6","3,372.5","3,442.0","3,475.4","3,648.0","3,675.3","3,473.3","3,757.5","3,953.0","3,780.5","3,755.5","4,197.0","4,480.6","5,403.4","5,777.3","5,584.9","5,687.3","4,571.9","5,053.8","5,427.9","5,330.0","5,671.4","5,862.6","4,830.3","4,366.6","4,599.2","4,842.1","4,766.4","3,990.4","4,775.1","6,266.9",,,,,,,,,,,,,,,,,,,,,,,,,,,,,,,,,,,,,,,,,,,,,,,
MN,324.5,356.0,391.3,447.7,624.0,721.9,857.7,911.5,"1,054.2","1,221.5","1,351.9","1,503.5","1,614.6","1,568.8","1,598.5","1,634.4","1,493.8","1,491.7","1,583.6","1,618.9","1,801.4","1,790.0","1,846.7","1,938.4","1,949.6","2,013.0","2,143.5","2,241.4","2,115.7","2,156.1","2,555.3","2,128.2","2,021.7","2,288.9","2,698.7","3,253.0","3,539.1","3,872.3","4,595.6","3,396.1","4,066.6","4,494.3","4,330.2","4,598.0","4,890.2","3,696.0","3,384.9","3,571.9","3,936.7","3,888.5","3,312.8","4,019.7","5,162.9",,,,,,,,,,,,,,,,,,,,,,,,,,,,,,,,,,,,,,,,,,,,,,,
MO,345.0,358.2,378.5,446.7,600.9,695.0,742.1,854.6,935.6,"1,134.5","1,307.9","1,543.3","1,613.7","1,494.7","1,506.3","1,544.5","1,317.0","1,343.2","1,386.1","1,403.8","1,425.3","1,324.7","1,303.7","1,405.8","1,459.8","1,457.7","1,592.4","1,589.5","1,464.8","1,626.8","1,819.3","1,931.0","1,874.8","2,070.7","2,433.3","2,932.2","3,187.6","3,351.6","3,264.6","2,486.2","2,670.7","2,929.0","2,772.9","2,905.1","2,957.9","2,592.9","2,184.7","2,309.8","2,496.2","2,310.2","2,170.6","2,474.1","3,254.3",,,,,,,,,,,,,,,,,,,,,,,,,,,,,,,,,,,,,,,,,,,,,,,
MS,155.9,175.4,190.7,231.3,319.7,368.3,451.9,562.9,617.7,753.1,805.5,"1,016.0","1,112.8","1,127.0","1,221.7","1,108.8",943.5,902.3,949.9,"1,058.0","1,169.6","1,157.4","1,131.1","1,193.4","1,198.3","1,224.3","1,386.1","1,208.0","1,117.9","1,330.0","1,567.2","1,610.5","1,461.2","1,689.1","1,949.8","2,284.7","2,558.2","2,469.4","2,773.7","1,995.3","2,210.3","2,405.6","2,384.8","2,445.9","2,504.2","2,050.7","1,797.2","2,043.5","2,178.9","1,971.0","1,739.1","2,194.2","2,948.9",,,,,,,,,,,,,,,,,,,,,,,,,,,,,,,,,,,,,,,,,,,,,,,
MT,68.2,74.0,77.5,87.0,130.1,155.3,167.3,192.0,193.4,293.0,326.0,381.3,332.0,348.6,390.1,484.6,348.8,340.7,354.0,394.6,413.9,399.0,380.3,411.8,420.7,477.2,513.3,429.8,459.0,442.9,611.2,481.0,385.3,443.4,595.6,824.7,"1,078.6","1,241.3","1,408.2",945.0,817.2,946.6,957.7,875.0,852.5,626.8,507.4,585.4,645.2,667.9,560.6,698.6,974.9,,,,,,,,,,,,,,,,,,,,,,,,,,,,,,,,,,,,,,,,,,,,,,,
NC,331.8,375.7,417.0,484.2,739.8,886.0,"1,021.9","1,170.3","1,204.5","1,499.0","1,802.9","1,958.7","1,887.0","2,095.1","2,522.2","2,449.9","2,389.4","2,337.3","2,306.1","2,412.7","2,519.6","2,569.9","2,729.8","2,784.7","2,773.8","2,912.9","3,033.2","3,141.2","2,846.5","2,755.7","3,240.2","3,284.8","2,973.3","3,070.8","3,348.6","4,149.5","4,410.4","4,328.2","4,745.2","3,647.0","4,453.8","4,685.6","4,604.6","4,565.4","4,627.8","4,032.0","3,731.6","3,991.9","4,306.6","4,044.0","3,509.4","4,096.5","5,254.4",,,,,,,,,,,,,,,,,,,,,,,,,,,,,,,,,,,,,,,,,,,,,,,
ND,76.7,82.8,81.7,95.1,132.0,141.1,141.2,143.0,161.3,241.9,275.2,334.4,354.9,345.9,365.3,369.9,333.0,314.8,302.9,335.7,333.1,339.8,340.2,329.8,337.6,336.0,354.8,372.4,353.4,394.5,490.5,606.0,469.5,466.2,640.0,811.1,942.8,"1,005.0","1,334.1",911.5,"1,333.2","2,156.2","2,296.1","2,611.6","2,942.0","1,781.4","1,414.6","1,747.0","1,996.6","1,930.1","1,581.1","2,093.2","2,786.4",,,,,,,,,,,,,,,,,,,,,,,,,,,,,,,,,,,,,,,,,,,,,,,
NE,92.4,102.6,107.0,113.6,186.8,231.1,288.1,298.7,329.6,402.0,486.3,527.3,545.9,578.0,562.3,577.6,460.4,504.0,516.1,555.8,595.7,553.5,544.4,573.5,604.3,603.7,666.5,700.0,676.7,661.2,852.2,907.3,853.4,"1,043.7","1,224.8","1,464.0","1,715.4","1,905.1","2,263.5","1,710.6","1,901.4","2,142.9","2,404.8","2,319.8","2,253.5","1,881.8","1,806.6","1,982.1","2,000.1","1,912.9","1,822.2","2,229.5","2,963.1",,,,,,,,,,,,,,,,,,,,,,,,,,,,,,,,,,,,,,,,,,,,,,,
NH,41.7,48.8,52.1,61.0,94.4,108.3,126.7,145.7,153.2,148.8,197.7,260.1,243.3,251.8,290.2,315.0,286.7,315.5,305.5,323.6,359.2,314.8,357.8,367.4,287.9,299.0,314.2,311.0,307.2,313.4,391.9,386.5,347.0,427.3,464.4,532.0,545.4,541.3,582.8,496.1,509.9,543.8,514.9,537.3,545.1,499.9,435.5,493.6,506.9,475.9,448.2,495.5,610.7,,,,,,,,,,,,,,,,,,,,,,,,,,,,,,,,,,,,,,,,,,,,,,,
NJ,515.7,567.1,603.1,681.5,"1,116.9","1,124.7","1,290.9","1,416.1","1,491.9","2,045.8","2,492.3","2,844.2","2,790.1","2,536.9","2,771.7","2,713.9","2,337.1","2,318.3","2,194.2","2,222.8","2,200.4","2,190.2","2,399.5","2,535.2","2,429.1","2,393.4","2,424.6","2,516.9","2,242.2","2,430.4","2,363.4","2,575.8","2,281.1","2,287.9","2,501.7","2,818.2","2,949.4","3,030.3","3,284.6","2,443.9","2,942.4","3,265.2","2,845.5","2,745.9","2,745.7","2,174.9","1,840.6","2,152.7","2,429.2","2,206.2","1,867.3","2,536.1","3,106.6",,,,,,,,,,,,,,,,,,,,,,,,,,,,,,,,,,,,,,,,,,,,,,,
NM,76.9,83.5,92.0,104.1,148.3,164.6,192.9,233.9,272.2,320.3,432.9,526.4,384.6,488.0,556.3,435.7,361.2,362.2,360.2,403.2,517.8,576.1,498.7,534.6,511.0,525.0,450.1,479.8,450.5,448.7,507.2,510.7,448.8,564.8,642.4,755.4,812.9,"1,125.5",981.8,689.5,837.6,978.4,"1,018.4","1,090.0","1,181.0",926.2,851.3,907.7,"1,018.5",993.1,881.3,"1,136.9","1,466.0",,,,,,,,,,,,,,,,,,,,,,,,,,,,,,,,,,,,,,,,,,,,,,,
NV,29.7,33.1,37.8,46.7,66.8,66.4,96.1,113.2,123.6,204.7,273.4,262.1,303.4,363.9,293.4,284.5,248.3,259.1,305.1,415.7,474.0,454.9,495.9,535.2,610.5,619.7,669.9,670.7,655.0,680.3,779.3,972.6,"1,011.3","1,073.0","1,241.2","1,489.0","1,683.3","1,710.6","1,786.1","1,610.7","1,677.2","1,511.9","1,481.0","1,559.0","1,879.3","1,398.4","1,339.0","1,465.6","1,587.6","1,571.6","1,194.4","1,480.9","2,162.4",,,,,,,,,,,,,,,,,,,,,,,,,,,,,,,,,,,,,,,,,,,,,,,
NY,898.0,952.4,979.7,"1,142.0","1,860.0","1,919.8","2,171.7","2,428.2","2,487.5","2,947.8","3,170.6","3,602.7","3,426.8","3,122.1","3,299.8","3,168.5","2,634.1","2,653.4","2,690.8","2,884.1","3,123.5","3,230.7","3,482.7","3,526.5","3,582.5","3,188.6","3,337.9","3,157.7","2,675.8","2,372.0","2,936.0","2,926.7","2,622.0","3,126.7","3,220.0","3,986.2","3,907.3","4,344.1","4,222.3","3,266.8","3,579.1","3,655.5","3,399.7","3,723.2","3,753.4","3,277.8","2,834.8","3,075.9","3,420.1","3,282.3","2,883.3","3,540.8","4,502.7",,,,,,,,,,,,,,,,,,,,,,,,,,,,,,,,,,,,,,,,,,,,,,,
OH,"1,245.2","1,297.8","1,451.2","1,621.5","2,524.2","2,831.7","3,123.9","3,558.4","3,979.0","5,074.3","5,518.1","6,103.7","5,733.8","5,710.1","5,840.6","5,870.5","5,067.4","5,034.1","5,008.9","5,280.0","5,413.8","5,300.4","5,645.5","5,709.1","5,760.5","5,676.7","5,893.5","6,040.1","5,792.7","5,900.7","6,483.2","6,198.3","6,052.4","7,026.3","7,252.8","8,578.2","9,235.7","9,213.7","10,492.5","7,522.6","7,955.4","8,080.1","7,956.7","8,129.9","8,722.1","7,474.0","6,852.3","7,499.2","8,134.2","7,529.2","6,541.7","8,188.1","10,686.7",,,,,,,,,,,,,,,,,,,,,,,,,,,,,,,,,,,,,,,,,,,,,,,
OK,117.4,133.0,151.0,181.4,290.0,337.0,454.0,609.2,707.1,941.7,"1,086.1","1,334.0","1,426.2","1,552.2","1,651.9","1,626.0","1,249.0","1,116.2",989.3,"1,106.0","1,108.4","1,112.3","1,150.7","1,280.0","1,285.0","1,239.3","1,483.3","1,674.7","1,515.8","1,528.3","1,849.2","2,033.7","1,796.8","2,178.9","2,682.0","3,262.9","3,914.4","3,315.1","4,364.5","3,329.6","3,084.1","3,212.9","3,521.2","3,394.3","3,768.6","3,127.5","2,241.7","2,525.6","2,594.7","2,436.8","1,928.7","2,888.2","4,286.9",,,,,,,,,,,,,,,,,,,,,,,,,,,,,,,,,,,,,,,,,,,,,,,
OR,139.4,157.8,169.8,206.2,279.9,290.7,376.3,409.3,435.7,523.0,685.8,840.7,825.3,795.2,"1,066.6",863.6,785.7,866.7,904.1,943.4,937.5,936.4,951.8,"1,019.4","1,037.4","1,085.9","1,174.9","1,115.3","1,193.4","1,227.2","1,326.8","1,294.2","1,420.0","1,273.0","1,424.0","1,648.1","1,877.9","1,882.9","2,037.4","1,734.7","1,656.3","1,926.4","1,892.5","1,875.1","1,950.1","1,838.9","1,720.3","1,759.3","1,770.8","1,776.6","1,679.9","2,048.2","2,695.7",,,,,,,,,,,,,,,,,,,,,,,,,,,,,,,,,,,,,,,,,,,,,,,
PA,"1,307.3","1,429.5","1,615.9","1,886.0","3,065.2","3,105.4","3,401.9","3,702.5","3,985.4","4,816.0","5,301.4","5,938.6","5,353.7","5,056.2","5,574.8","5,291.4","4,795.6","4,911.4","4,829.3","5,117.8","5,424.3","5,234.7","5,281.7","5,140.5","5,194.4","5,247.0","5,282.2","5,372.1","4,874.2","4,418.6","5,228.7","5,653.9","5,526.0","6,102.4","6,553.9","7,547.1","8,654.3","8,808.5","10,009.8","7,652.1","8,705.3","10,107.5","9,457.1","9,820.2","10,528.1","8,492.2","7,206.4","7,919.4","8,571.0","8,393.5","6,932.2","8,662.0","12,123.8",,,,,,,,,,,,,,,,,,,,,,,,,,,,,,,,,,,,,,,,,,,,,,,
RI,51.1,60.7,63.7,74.7,120.0,118.4,133.4,166.9,148.7,152.0,184.7,217.3,195.5,203.7,229.2,284.0,216.1,228.2,210.4,198.7,214.2,313.4,410.6,231.3,368.8,321.8,279.4,265.7,306.2,277.1,206.8,212.1,175.2,212.1,235.7,271.7,329.4,302.5,395.5,368.8,362.0,333.3,329.9,362.8,383.6,329.9,278.3,308.8,352.3,327.5,310.5,338.2,414.8,,,,,,,,,,,,,,,,,,,,,,,,,,,,,,,,,,,,,,,,,,,,,,,
SC,195.4,219.9,257.9,304.8,453.9,504.8,636.4,754.9,773.7,944.6,"1,101.6","1,399.0","1,316.5","1,423.6","1,631.2","1,633.6","1,531.9","1,654.6","1,674.5","1,733.9","1,764.3","1,761.4","1,783.7","1,841.5","1,849.0","1,914.2","1,963.9","2,110.3","1,967.2","1,971.0","2,312.1","2,272.3","2,247.6","2,455.1","2,701.9","3,295.6","3,323.4","3,183.7","3,625.7","2,761.0","3,016.5","3,261.2","3,133.1","3,302.0","3,583.1","3,135.8","2,862.2","2,979.1","3,106.2","3,013.4","2,587.6","3,086.0","3,962.3",,,,,,,,,,,,,,,,,,,,,,,,,,,,,,,,,,,,,,,,,,,,,,,
SD,57.8,54.9,49.7,64.0,93.2,108.2,113.8,122.7,145.6,209.5,228.1,231.4,250.7,238.0,218.0,208.7,202.8,217.5,218.7,259.5,286.7,229.8,233.3,256.7,240.7,235.5,270.5,264.2,219.7,251.6,324.1,285.1,302.5,348.8,418.1,524.9,596.9,707.0,878.8,727.2,799.1,944.5,950.1,957.3,957.4,761.3,674.5,757.0,824.9,799.7,798.4,978.0,"1,235.7",,,,,,,,,,,,,,,,,,,,,,,,,,,,,,,,,,,,,,,,,,,,,,,
TN,335.5,378.1,419.5,506.4,687.3,958.2,"1,201.0","1,290.7","1,390.5","1,730.0","1,895.0","2,158.0","2,135.2","2,214.8","2,603.8","2,625.9","2,516.5","2,459.2","2,555.9","2,539.5","2,539.5","2,461.9","2,849.4","2,947.4","2,902.4","2,931.4","3,081.5","2,183.7","2,325.5","2,345.2","2,566.2","2,837.6","2,657.8","2,819.1","3,094.3","3,799.0","4,166.1","4,189.6","4,891.8","3,533.9","3,898.9","4,431.9","4,243.6","3,972.9","4,185.8","3,382.5","3,083.6","3,134.8","3,127.6","3,026.2","2,622.9","3,242.2","4,279.9",,,,,,,,,,,,,,,,,,,,,,,,,,,,,,,,,,,,,,,,,,,,,,,
TX,"1,627.9","1,828.6","2,066.7","2,568.3","4,528.8","4,856.7","6,349.3","7,888.9","9,235.9","13,121.8","18,436.1","22,248.9","19,454.3","19,249.9","20,585.7","17,742.5","13,983.5","13,676.7","14,168.6","14,279.5","17,187.5","16,957.9","17,084.9","17,196.3","18,525.7","18,342.7","23,865.3","24,649.2","19,433.3","21,375.6","30,969.6","28,419.8","25,846.1","34,043.4","42,079.6","47,033.6","53,800.0","55,692.2","60,725.3","36,248.9","51,717.3","61,943.7","53,464.4","56,835.8","55,276.3","35,849.6","33,635.3","41,130.6","51,797.4","43,458.5","33,997.1","61,723.8","66,553.8",,,,,,,,,,,,,,,,,,,,,,,,,,,,,,,,,,,,,,,,,,,,,,,
UT,88.4,96.5,107.4,130.0,230.2,263.9,299.3,342.8,361.1,445.8,516.5,589.1,551.9,552.3,568.1,530.0,446.5,394.1,495.4,507.0,524.2,576.2,554.8,564.5,529.3,561.7,627.3,563.9,598.3,547.5,661.6,658.3,513.5,644.6,725.1,978.5,"1,112.4","1,067.0","1,229.4",929.5,"1,069.6","1,288.6","1,382.1","1,479.4","1,532.3","1,231.4","1,143.6","1,219.2","1,303.1","1,257.5","1,163.7","1,329.6","1,746.9",,,,,,,,,,,,,,,,,,,,,,,,,,,,,,,,,,,,,,,,,,,,,,,
VA,214.3,239.7,252.0,282.7,509.1,575.7,624.3,759.5,785.1,"1,014.1","1,224.2","1,319.6","1,377.8","1,402.8","1,530.0","1,560.0","1,397.4","1,437.5","1,403.3","1,528.4","1,627.0","1,539.0","1,547.7","1,566.6","1,571.4","1,662.9","1,724.6","1,797.8","1,702.8","1,770.6","1,986.3","1,985.5","1,878.2","2,135.0","2,462.0","3,334.8","3,251.1","3,333.1","3,920.1","2,715.2","3,077.9","3,369.1","3,340.4","3,268.6","3,381.5","2,929.8","2,608.5","2,778.5","2,999.4","2,948.4","2,437.6","3,125.9","3,981.9",,,,,,,,,,,,,,,,,,,,,,,,,,,,,,,,,,,,,,,,,,,,,,,
VT,22.8,25.8,28.5,33.2,42.5,44.0,64.5,58.8,67.5,75.4,96.7,109.9,120.5,115.6,140.6,158.4,170.6,148.2,144.8,149.3,139.0,152.2,157.0,152.5,149.8,153.6,162.0,181.2,150.0,158.9,184.5,199.7,186.7,185.6,233.6,257.6,291.4,293.7,298.1,279.3,332.9,377.4,367.9,376.3,363.3,303.7,266.7,286.2,311.4,302.4,289.9,310.9,388.9,,,,,,,,,,,,,,,,,,,,,,,,,,,,,,,,,,,,,,,,,,,,,,,
WA,216.1,232.1,263.2,285.4,375.2,462.0,487.7,560.5,598.3,696.5,923.8,"1,227.9","1,384.8","1,242.9","1,644.0","1,395.1","1,180.9","1,247.2","1,461.1","1,593.3","1,574.6","1,528.4","1,476.7","1,495.4","1,630.4","1,683.0","1,639.7","1,697.3","1,842.7","1,983.0","2,078.9","1,830.0","1,494.0","1,631.0","1,799.7","2,243.6","2,550.0","2,479.8","3,058.9","2,568.3","2,750.7","3,023.0","2,902.4","2,687.6","2,734.3","2,570.2","2,344.3","2,467.8","2,645.0","2,583.6","2,229.9","2,584.9","3,123.1",,,,,,,,,,,,,,,,,,,,,,,,,,,,,,,,,,,,,,,,,,,,,,,
WI,412.1,409.3,438.8,505.2,638.9,745.2,851.7,"1,028.4","1,110.0","1,263.2","1,397.3","1,588.3","1,668.5","1,682.9","1,719.2","1,747.1","1,655.2","1,634.6","1,682.5","1,710.9","1,686.3","1,703.9","1,736.7","1,847.5","1,867.6","1,864.0","1,996.1","2,201.4","2,109.1","2,327.9","2,882.6","3,095.3","2,762.9","3,060.5","3,480.7","4,021.1","4,199.4","4,388.0","4,594.9","3,491.3","3,846.8","4,256.1","4,060.9","4,432.8","4,840.8","3,978.0","3,634.9","3,919.0","4,149.9","3,962.4","3,406.2","4,267.2","5,278.2",,,,,,,,,,,,,,,,,,,,,,,,,,,,,,,,,,,,,,,,,,,,,,,
WV,277.5,294.9,335.0,363.3,609.4,747.0,839.5,896.3,875.7,"1,034.4","1,141.7","1,219.1","1,166.7","1,064.6","1,045.7",969.8,874.4,893.0,899.6,963.6,"1,014.2",925.4,897.4,909.1,942.2,943.7,939.8,934.4,979.4,885.3,999.9,989.3,"1,121.4","1,106.0","1,255.4","1,482.0","1,722.2","1,930.4","2,461.6","1,621.8","2,178.6","2,559.3","2,403.4","2,484.3","2,443.7","1,781.2","1,592.1","1,809.6","2,036.4","1,908.9","1,586.6","2,054.7","2,406.5",,,,,,,,,,,,,,,,,,,,,,,,,,,,,,,,,,,,,,,,,,,,,,,
WY,57.8,57.5,68.2,77.1,118.0,149.8,187.8,241.6,284.2,372.4,479.4,582.3,579.3,445.0,501.5,535.3,466.0,452.7,444.0,480.5,513.0,513.9,573.0,607.5,623.7,548.8,578.8,590.4,560.3,525.6,643.7,755.4,690.3,738.0,858.7,"1,028.3","1,297.7","1,246.4","1,626.6","1,244.2","1,490.1","1,926.8","1,942.8","1,806.5","1,998.8","1,538.4","1,312.2","1,424.4","1,636.4","1,457.1","1,206.1","1,552.1","2,126.2",,,,,,,,,,,,,,,,,,,,,,,,,,,,,,,,,,,,,,,,,,,,,,,
US,"16,705.5","18,258.6","20,294.1","23,795.4","36,852.9","41,127.4","47,904.2","56,015.9","61,732.1","77,653.2","94,316.0","108,580.5","103,502.8","102,292.6","110,343.1","106,436.3","91,870.7","91,650.3","92,876.6","96,319.9","103,350.5","101,885.7","104,228.1","105,395.8","108,319.4","107,352.7","118,807.2","119,989.7","107,989.1","112,959.7","140,963.3","141,013.2","130,535.2","151,516.8","177,117.2","208,224.7","227,840.3","236,209.0","274,021.7","188,034.1","221,657.3","251,301.7","230,283.9","236,901.5","242,647.7","186,825.2","169,759.3","190,532.9","213,584.3","197,712.2","167,346.4","231,509.8","285,241.2",,,,,,,,,,,,,,,,,,,,,,,,,,,,,,,,,,,,,,,,,,,,,,,
,,,,,,,,,,,,,,,,,,,,,,,,,,,,,,,,,,,,,,,,,,,,,,,,,,,,,,,,,,,,,,,,,,,,,,,,,,,,,,,,,,,,,,,,,,,,,,,,,,,,
,,,,,,,,,,,,,,,,,,,,,,,,,,,,,,,,,,,,,,,,,,,,,,,,,,,,,,,,,,,,,,,,,,,,,,,,,,,,,,,,,,,,,,,,,,,,,,,,,,,,
,,,,,,,,,,,,,,,,,,,,,,,,,,,,,,,,,,,,,,,,,,,,,,,,,,,,,,,,,,,,,,,,,,,,,,,,,,,,,,,,,,,,,,,,,,,,,,,,,,,,
,,,,,,,,,,,,,,,,,,,,,,,,,,,,,,,,,,,,,,,,,,,,,,,,,,,,,,,,,,,,,,,,,,,,,,,,,,,,,,,,,,,,,,,,,,,,,,,,,,,,
,,,,,,,,,,,,,,,,,,,,,,,,,,,,,,,,,,,,,,,,,,,,,,,,,,,,,,,,,,,,,,,,,,,,,,,,,,,,,,,,,,,,,,,,,,,,,,,,,,,,
