"Total energy consumption in the transportation sector, billion Btu",,,,,,,,,,,,,,,,,,,,,,,,,,,,,,,,,,,,,,,,,,,,,,,,,,,,,,,,,,,,,,,,,,,,,,,,,,,,,,,,,,,,,,,,,,,,,,,,,,,,,,,
,,,,,,,,,,,,,,,,,,,,,,,,,,,,,,,,,,,,,,,,,,,,,,,,,,,,,,,,,,,,,,,,,,,,,,,,,,,,,,,,,,,,,,,,,,,,,,,,,,,,,,,
State,1960,1961,1962,1963,1964,1965,1966,1967,1968,1969,1970,1971,1972,1973,1974,1975,1976,1977,1978,1979,1980,1981,1982,1983,1984,1985,1986,1987,1988,1989,1990,1991,1992,1993,1994,1995,1996,1997,1998,1999,2000,2001,2002,2003,2004,2005,2006,2007,2008,2009,2010,2011,2012,2013,2014,2015,2016,2017,2018,2019,2020,2021,2022,,,,,,,,,,,,,,,,,,,,,,,,,,,,,,,,,,,,,,,,
AK,"27,139","31,895","34,182","32,387","32,246","34,379","36,233","43,862","47,177","56,517","76,386","85,018","83,425","71,354","76,803","79,665","89,123","94,045","97,936","85,842","89,804","101,238","102,239","115,944","142,997","153,931","150,698","133,896","150,456","173,382","168,892","156,413","151,927","154,297","157,266","173,607","167,528","188,588","192,174","207,434","219,733","205,464","209,351","219,252","265,820","263,684","265,654","249,874","214,855","189,767","193,249","184,846","167,930","151,924","155,044","162,890","153,538","155,837","163,765","164,472","164,690","194,224","189,008",,,,,,,,,,,,,,,,,,,,,,,,,,,,,,,,,,,,,,,,
AL,"176,015","172,023","179,802","189,395","190,545","200,727","206,854","216,031","242,554","255,625","268,489","281,247","300,827","327,548","350,726","363,127","373,155","395,543","405,416","353,042","349,881","342,116","333,176","324,451","337,698","334,813","349,194","374,883","377,985","401,324","397,799","406,124","417,482","413,632","431,784","454,692","444,370","439,699","447,984","453,914","472,549","445,444","472,526","458,056","493,167","489,519","496,081","499,523","467,593","459,056","478,219","478,194","472,026","466,384","465,321","480,839","504,600","498,742","488,616","500,869","498,155","555,739","551,631",,,,,,,,,,,,,,,,,,,,,,,,,,,,,,,,,,,,,,,,
AR,"104,652","114,214","116,715","123,586","130,214","129,593","136,348","139,183","153,822","159,784","166,549","173,379","193,085","209,852","210,118","209,528","216,054","222,603","229,577","200,014","204,275","208,967","208,325","195,411","207,483","203,444","207,724","216,907","226,684","233,710","228,101","229,427","227,667","238,191","255,166","260,424","265,553","273,172","275,696","293,044","293,838","277,440","285,354","285,259","288,208","288,737","288,760","292,703","285,202","285,162","290,132","287,139","277,920","276,357","280,162","277,002","283,534","285,164","286,207","288,905","271,199","285,140","283,268",,,,,,,,,,,,,,,,,,,,,,,,,,,,,,,,,,,,,,,,
AZ,"116,689","121,239","129,736","136,740","143,720","139,441","148,689","159,735","183,623","192,910","194,132","204,293","225,168","243,872","233,258","230,139","235,052","253,262","267,033","274,217","265,931","269,191","261,440","263,390","279,869","293,447","299,713","312,326","322,840","322,219","325,563","332,408","336,940","352,581","366,258","372,801","394,105","394,605","424,601","447,923","459,904","475,183","485,241","500,087","510,232","532,787","549,475","541,658","505,233","476,281","516,379","513,046","502,608","510,916","516,873","527,003","540,077","543,370","554,196","570,116","508,175","566,304","567,372",,,,,,,,,,,,,,,,,,,,,,,,,,,,,,,,,,,,,,,,
CA,"1,224,346","1,292,619","1,316,703","1,354,162","1,421,143","1,491,398","1,592,651","1,654,310","1,779,248","1,829,801","1,832,625","1,909,060","1,931,989","1,986,920","1,899,445","1,955,579","2,065,224","2,206,812","2,372,880","2,354,257","2,363,647","2,345,627","2,230,627","2,253,678","2,373,702","2,364,263","2,447,259","2,578,275","2,730,003","2,816,883","2,834,042","2,690,888","2,680,672","2,629,975","2,752,103","2,816,214","2,865,202","2,798,951","2,806,838","2,868,690","3,016,982","2,966,568","3,129,911","3,040,202","3,192,744","3,278,918","3,327,187","3,354,395","3,144,121","3,062,046","2,933,005","2,827,130","2,772,317","2,776,075","2,797,531","2,864,614","2,969,567","3,047,602","3,060,923","3,059,593","2,355,076","2,802,027","2,915,818",,,,,,,,,,,,,,,,,,,,,,,,,,,,,,,,,,,,,,,,
CO,"104,450","114,878","122,860","129,258","133,723","138,618","147,575","154,378","172,368","182,623","195,193","206,248","224,073","234,426","231,020","237,340","250,996","262,260","279,228","269,764","251,120","249,246","259,137","255,521","266,929","277,566","278,417","281,120","272,773","266,101","271,483","273,879","278,016","303,181","308,186","319,504","328,226","326,348","340,750","361,724","366,110","386,387","383,283","378,045","416,502","423,023","432,152","441,952","425,009","414,312","421,140","414,017","410,798","411,902","424,096","421,520","430,271","434,622","449,455","460,396","378,289","433,399","501,084",,,,,,,,,,,,,,,,,,,,,,,,,,,,,,,,,,,,,,,,
CT,"116,898","125,496","130,768","134,750","137,397","140,533","150,121","155,282","168,490","174,636","182,566","184,357","194,609","201,251","198,339","196,470","201,295","204,071","205,676","194,654","185,174","181,361","186,080","187,348","195,062","196,759","200,195","209,097","216,609","218,201","205,529","204,102","205,609","206,060","205,590","201,738","213,178","213,989","216,761","235,201","227,972","237,677","236,682","248,562","284,542","262,536","256,709","257,264","242,761","239,040","239,152","234,668","228,711","225,141","225,363","227,206","229,164","232,142","237,401","233,299","197,018","214,760","225,858",,,,,,,,,,,,,,,,,,,,,,,,,,,,,,,,,,,,,,,,
DC,"28,772","29,535","29,525","29,602","31,091","33,820","33,780","32,459","32,904","32,675","32,848","33,280","33,608","38,665","39,736","37,069","38,014","37,622","35,130","30,224","27,291","29,213","37,666","28,944","28,083","28,088","30,293","28,582","29,736","29,175","27,384","27,379","27,703","28,088","27,332","27,134","26,155","26,629","25,977","26,574","27,806","25,901","24,567","25,311","26,882","23,382","21,353","21,131","18,640","19,531","19,040","20,968","18,857","19,175","20,635","20,035","20,944","18,091","19,940","21,500","16,434","17,803","17,685",,,,,,,,,,,,,,,,,,,,,,,,,,,,,,,,,,,,,,,,
DE,"43,735","44,020","41,960","42,957","43,653","43,432","44,193","45,334","51,755","52,631","50,326","50,851","53,261","56,942","56,886","55,048","57,596","56,927","54,928","52,434","53,979","51,388","49,564","55,479","57,524","56,930","60,237","65,275","64,373","65,685","62,955","70,337","65,057","67,786","63,155","59,981","66,267","64,816","65,432","67,935","70,445","65,428","68,665","67,453","68,851","72,656","74,414","74,852","71,202","68,879","80,359","73,594","72,385","68,339","69,050","72,583","75,691","79,715","83,677","86,782","73,041","79,915","77,371",,,,,,,,,,,,,,,,,,,,,,,,,,,,,,,,,,,,,,,,
FL,"348,001","358,850","407,087","415,833","432,389","456,712","473,137","495,399","548,917","582,377","608,352","641,555","706,248","772,004","738,593","747,689","777,288","833,098","876,871","932,217","950,588","955,122","937,880","941,159","926,838","957,694","1,008,810","1,066,887","1,129,005","1,139,558","1,137,417","1,077,903","1,113,433","1,100,341","1,179,538","1,211,336","1,221,298","1,264,799","1,284,395","1,325,489","1,404,072","1,383,848","1,415,511","1,398,517","1,546,539","1,590,005","1,622,057","1,596,517","1,496,000","1,418,416","1,555,767","1,532,074","1,510,229","1,535,361","1,553,920","1,611,692","1,648,177","1,687,035","1,770,784","1,744,411","1,418,661","1,674,218","1,738,815",,,,,,,,,,,,,,,,,,,,,,,,,,,,,,,,,,,,,,,,
GA,"208,533","208,089","225,338","239,176","249,133","257,459","282,715","317,508","352,836","376,949","400,637","432,077","461,433","508,272","488,267","487,288","508,176","528,643","550,247","569,712","549,560","541,819","541,852","560,948","583,649","590,584","621,760","662,416","694,396","674,359","682,461","664,978","668,773","741,521","753,095","789,846","834,713","802,959","830,734","859,973","859,647","858,302","860,602","887,846","924,911","965,763","949,546","925,028","865,340","928,555","988,009","969,305","912,781","936,920","905,128","951,171","912,859","966,217","943,540","935,008","823,822","858,655","875,402",,,,,,,,,,,,,,,,,,,,,,,,,,,,,,,,,,,,,,,,
HI,"61,778","74,032","66,104","69,466","74,849","78,979","91,537","105,098","122,002","125,141","125,344","138,833","136,476","140,854","128,660","130,543","131,684","141,346","144,630","156,359","146,713","124,102","102,196","117,875","129,351","142,888","127,072","124,138","140,944","154,497","154,545","151,201","144,127","130,086","139,865","138,041","121,533","117,181","114,518","122,989","125,096","131,920","140,060","162,799","171,915","179,128","181,362","194,442","136,507","132,829","156,658","161,284","161,463","165,040","158,147","161,866","163,291","170,865","173,110","174,421","108,999","142,648","155,806",,,,,,,,,,,,,,,,,,,,,,,,,,,,,,,,,,,,,,,,
IA,"151,001","147,507","153,878","159,082","161,376","161,744","171,703","183,403","196,338","206,896","210,247","230,011","238,881","256,476","246,911","248,508","257,384","261,075","260,059","259,122","238,037","226,744","231,164","229,299","228,259","222,333","218,170","228,123","235,332","237,178","235,625","228,184","226,937","231,808","247,614","256,890","272,661","266,370","275,603","274,154","270,870","269,727","278,502","281,575","296,307","300,758","307,445","313,014","305,878","298,572","304,872","307,481","291,816","297,004","307,895","299,631","316,278","301,370","304,457","304,878","277,816","295,737","297,766",,,,,,,,,,,,,,,,,,,,,,,,,,,,,,,,,,,,,,,,
ID,"42,448","41,866","44,468","43,894","45,479","49,550","53,667","54,383","56,019","60,261","65,806","68,285","73,323","75,193","76,433","79,098","84,321","88,129","93,007","99,686","83,315","76,720","75,113","74,453","77,642","79,813","80,510","82,283","84,336","88,615","90,874","88,787","89,674","100,692","103,105","110,452","112,208","114,869","117,181","123,440","124,232","121,405","123,256","117,135","122,155","123,131","131,164","135,469","124,004","122,803","137,521","131,634","132,913","137,162","139,595","153,669","158,982","161,078","163,540","169,098","158,219","168,862","169,891",,,,,,,,,,,,,,,,,,,,,,,,,,,,,,,,,,,,,,,,
IL,"503,946","508,325","520,468","555,233","568,519","597,149","630,403","677,242","729,817","758,377","790,577","809,827","884,523","923,133","881,281","883,637","919,415","945,472","975,791","929,761","821,194","784,170","767,374","787,395","707,116","732,784","725,445","735,070","787,300","802,004","788,223","759,395","773,488","801,107","781,817","799,891","824,320","833,935","851,800","939,312","967,815","938,599","907,502","953,372","1,004,943","1,109,663","1,058,245","1,060,553","1,013,223","983,665","981,406","971,972","940,391","959,146","985,162","1,021,128","1,019,652","1,024,195","1,026,227","997,363","802,754","891,869","892,798",,,,,,,,,,,,,,,,,,,,,,,,,,,,,,,,,,,,,,,,
IN,"265,282","262,745","277,217","284,318","289,382","300,042","316,147","326,392","342,193","359,239","377,796","391,294","424,550","441,971","430,689","429,976","445,748","453,325","463,957","470,907","441,657","446,984","432,620","439,574","513,196","520,787","552,469","578,042","562,368","577,378","581,671","567,838","558,793","580,695","603,534","621,793","607,596","608,934","613,596","629,855","658,503","603,612","648,275","671,909","639,334","644,040","656,663","641,108","601,724","581,201","588,506","580,709","568,947","596,091","608,550","610,891","608,624","583,967","573,831","572,895","526,137","581,265","569,100",,,,,,,,,,,,,,,,,,,,,,,,,,,,,,,,,,,,,,,,
KS,"172,858","178,233","176,565","193,960","178,331","197,148","209,458","214,514","228,465","236,882","250,710","256,558","273,146","269,163","271,331","269,148","273,595","268,827","286,644","288,878","279,218","266,030","255,159","246,221","257,072","268,172","273,068","278,352","294,398","285,614","280,304","260,471","255,948","260,226","247,301","274,175","273,318","271,115","270,026","285,477","269,988","251,278","260,526","285,806","273,226","258,189","272,773","279,483","276,308","285,206","274,866","266,783","264,777","281,896","302,102","278,596","274,368","266,814","283,410","289,713","257,990","258,508","266,884",,,,,,,,,,,,,,,,,,,,,,,,,,,,,,,,,,,,,,,,
KY,"153,635","153,410","169,687","180,892","187,832","191,777","205,416","214,533","232,321","247,884","261,341","265,443","284,282","297,055","287,068","288,098","302,855","309,564","333,814","342,198","324,017","323,231","318,534","332,803","337,644","323,387","344,232","358,877","386,223","404,451","379,595","378,096","393,921","407,849","405,793","421,760","396,465","427,334","424,989","440,965","441,204","447,996","463,165","448,304","484,328","475,848","472,847","493,949","458,383","465,340","470,110","466,114","450,684","449,774","457,421","463,870","464,577","472,370","495,915","488,478","455,596","495,006","497,157",,,,,,,,,,,,,,,,,,,,,,,,,,,,,,,,,,,,,,,,
LA,"256,905","253,675","255,742","267,068","283,663","311,111","318,855","340,707","358,472","385,711","392,146","390,656","425,490","474,447","509,270","511,105","546,640","585,306","588,506","581,420","646,698","661,771","580,651","599,633","598,752","585,793","661,326","652,239","694,274","693,329","690,571","725,546","725,753","723,701","764,489","764,491","834,585","801,668","781,161","776,293","854,201","753,070","775,112","771,859","756,503","716,730","770,758","710,076","673,736","667,265","613,387","628,152","570,486","554,607","533,706","540,237","571,292","615,818","582,017","623,548","606,405","697,975","755,890",,,,,,,,,,,,,,,,,,,,,,,,,,,,,,,,,,,,,,,,
MA,"220,059","232,478","242,058","251,890","254,782","268,450","270,994","290,528","313,600","324,120","348,733","362,407","379,789","391,231","370,961","369,272","380,611","385,205","386,691","385,547","358,149","359,009","362,259","362,303","369,960","381,362","389,008","403,411","420,513","420,076","406,700","389,292","386,615","390,999","394,323","401,534","419,235","425,548","425,955","437,719","452,568","446,621","448,293","447,281","473,336","484,741","477,982","485,717","478,785","442,856","457,339","456,970","448,268","466,482","450,547","464,486","475,193","469,231","476,355","478,521","359,625","401,587","420,466",,,,,,,,,,,,,,,,,,,,,,,,,,,,,,,,,,,,,,,,
MD,"172,907","172,641","198,166","199,621","207,162","217,118","229,080","225,512","248,291","255,378","273,132","273,569","289,740","303,286","296,987","297,309","310,253","321,158","325,814","318,489","318,805","323,647","312,820","305,619","308,145","317,567","325,804","338,488","351,104","360,576","331,309","336,614","344,049","342,219","343,230","348,942","357,895","368,557","379,089","399,939","402,622","404,601","401,186","416,782","439,148","457,097","463,348","457,283","441,077","457,231","459,433","446,851","446,143","450,619","445,322","457,390","445,455","444,401","461,595","465,669","386,402","419,389","394,729",,,,,,,,,,,,,,,,,,,,,,,,,,,,,,,,,,,,,,,,
ME,"66,698","70,106","70,398","72,081","71,079","68,812","75,656","73,728","80,026","81,208","87,633","93,187","108,008","111,181","96,675","92,405","97,198","98,683","98,767","93,555","83,348","82,477","85,807","83,798","89,155","94,003","100,742","108,321","122,448","110,119","115,386","105,823","104,061","105,456","107,390","101,923","105,327","110,610","107,844","111,710","119,837","107,045","121,967","130,781","121,265","130,726","130,780","125,114","116,466","122,086","118,054","117,948","112,562","125,979","127,284","127,712","127,713","120,633","107,305","106,911","97,941","105,458","107,626",,,,,,,,,,,,,,,,,,,,,,,,,,,,,,,,,,,,,,,,
MI,"387,276","388,661","405,870","429,765","450,804","467,377","501,020","526,853","574,018","606,128","593,490","607,502","660,210","688,431","665,594","660,805","696,664","712,202","724,044","690,809","620,136","600,307","567,289","577,010","601,213","614,673","634,968","667,095","692,249","685,553","683,927","695,925","701,059","738,726","741,774","760,951","767,783","782,989","801,137","837,783","815,945","802,851","824,676","795,746","805,719","803,041","798,193","789,282","740,516","723,131","745,590","733,002","721,818","753,202","744,611","766,505","775,631","764,210","787,570","778,764","651,009","709,195","710,754",,,,,,,,,,,,,,,,,,,,,,,,,,,,,,,,,,,,,,,,
MN,"181,361","182,477","185,949","194,347","197,456","207,273","221,296","222,770","244,657","260,291","274,085","288,738","302,868","322,903","317,686","319,516","326,930","330,760","348,762","359,554","331,579","317,753","306,687","310,839","340,655","333,044","336,886","334,133","348,749","343,924","339,237","358,208","380,355","401,059","416,902","433,207","443,367","440,457","463,324","495,464","512,778","501,577","511,621","513,789","528,860","532,597","522,956","527,429","502,174","464,302","464,784","454,656","462,527","466,237","468,173","468,450","492,453","495,160","495,866","500,653","404,751","443,814","447,199",,,,,,,,,,,,,,,,,,,,,,,,,,,,,,,,,,,,,,,,
MO,"253,771","255,853","276,086","282,147","292,306","304,630","305,174","322,431","359,165","370,069","390,887","403,843","423,903","428,118","421,345","424,725","444,349","456,659","468,827","446,792","410,564","399,232","404,843","409,781","420,918","430,001","449,790","459,201","476,640","483,578","477,139","474,217","491,151","505,757","520,026","539,986","566,693","578,788","627,746","620,741","555,305","555,087","570,986","593,181","576,875","590,776","594,797","601,542","574,297","559,842","575,610","563,374","544,298","549,561","558,151","558,921","569,993","565,954","566,266","567,712","511,241","544,777","544,092",,,,,,,,,,,,,,,,,,,,,,,,,,,,,,,,,,,,,,,,
MS,"129,284","129,426","141,230","153,210","157,763","161,776","168,991","176,286","198,757","210,252","216,001","228,125","240,855","251,348","246,921","231,074","234,643","248,691","258,179","258,528","260,868","257,914","252,704","241,494","243,198","250,723","269,475","294,124","308,474","288,807","291,495","315,059","327,507","329,774","331,430","335,696","340,820","350,986","352,206","370,166","359,299","348,223","354,481","376,154","363,590","356,810","376,532","372,681","360,998","356,080","336,278","325,687","351,907","319,049","322,909","338,132","344,493","337,022","339,146","348,013","332,388","348,584","352,903",,,,,,,,,,,,,,,,,,,,,,,,,,,,,,,,,,,,,,,,
MT,"58,237","61,779","60,378","58,193","57,799","57,766","62,119","56,816","61,677","66,235","68,133","71,279","75,979","83,795","85,511","82,156","88,270","85,826","97,496","91,657","88,911","83,829","80,847","83,360","82,805","81,484","81,233","82,080","84,305","82,922","81,965","81,075","87,906","90,766","94,515","98,500","97,001","99,053","99,527","103,986","105,831","107,460","107,757","102,751","110,574","117,881","120,853","126,822","117,753","112,336","116,888","117,870","114,944","117,400","112,793","111,062","115,793","117,678","118,314","116,283","116,901","118,281","115,553",,,,,,,,,,,,,,,,,,,,,,,,,,,,,,,,,,,,,,,,
NC,"231,966","243,042","249,869","264,626","274,217","279,390","295,241","307,337","328,939","348,128","364,046","374,922","399,104","426,207","426,363","423,769","442,970","463,617","483,389","480,386","443,752","448,448","448,510","468,538","478,735","493,450","519,831","544,494","575,667","549,735","537,113","530,406","539,320","559,650","579,176","601,138","638,394","649,491","664,594","679,167","702,536","692,570","700,774","714,571","735,478","748,794","739,578","758,070","756,173","699,861","763,479","743,531","721,590","743,499","755,496","770,647","791,435","799,636","811,572","828,177","737,123","805,798","806,544",,,,,,,,,,,,,,,,,,,,,,,,,,,,,,,,,,,,,,,,
ND,"41,695","40,677","46,790","47,514","48,313","47,312","49,886","52,606","57,642","55,525","54,265","58,251","60,802","62,694","60,288","63,051","65,875","70,600","73,158","72,991","72,472","72,620","73,199","69,206","70,543","68,752","66,907","67,693","68,573","67,317","65,276","66,390","69,684","73,265","72,715","72,855","74,552","75,700","66,695","81,957","80,608","87,900","87,666","89,108","92,170","92,118","91,476","103,621","93,261","86,895","100,392","115,374","130,829","136,301","145,537","135,535","122,111","130,585","138,051","145,775","128,490","136,426","135,953",,,,,,,,,,,,,,,,,,,,,,,,,,,,,,,,,,,,,,,,
NE,"94,221","96,624","101,163","108,334","107,127","102,134","107,674","116,443","129,823","132,426","139,324","142,822","155,550","163,493","153,188","149,936","158,184","168,375","172,968","156,116","141,002","131,799","135,509","144,332","141,399","141,050","141,525","148,017","161,225","153,416","151,842","148,328","154,150","150,645","153,903","163,477","177,952","180,913","188,843","194,152","172,532","162,383","167,087","172,444","173,762","172,823","174,913","177,131","176,723","176,690","206,500","199,950","193,164","194,014","201,089","200,757","199,249","200,744","209,459","208,830","191,259","199,312","199,664",,,,,,,,,,,,,,,,,,,,,,,,,,,,,,,,,,,,,,,,
NH,"33,680","35,122","35,657","36,650","37,780","37,345","40,709","44,988","47,517","48,630","50,712","52,923","55,069","56,834","56,615","56,621","59,805","62,329","63,585","65,314","57,873","56,210","56,118","57,206","62,668","62,955","68,908","74,832","77,318","76,524","72,989","74,312","73,745","75,190","77,427","80,643","82,930","87,422","95,884","99,555","101,593","101,737","113,405","106,262","108,870","103,947","103,935","105,661","103,260","102,856","105,364","102,801","100,327","101,423","102,497","101,751","101,598","102,056","103,199","103,069","89,593","98,966","100,457",,,,,,,,,,,,,,,,,,,,,,,,,,,,,,,,,,,,,,,,
NJ,"337,957","330,035","364,881","383,313","399,699","399,649","417,858","438,637","463,976","465,559","493,104","510,282","556,325","558,938","528,711","519,423","549,074","549,866","568,577","552,331","566,314","614,941","714,713","764,774","797,481","796,740","826,164","840,506","803,645","827,047","798,476","808,040","811,423","770,234","843,802","857,719","827,562","837,040","849,859","848,821","905,840","881,394","888,634","869,493","901,066","974,185","977,661","1,028,077","1,034,389","885,500","787,409","790,271","753,310","757,961","746,041","742,833","775,026","738,957","763,220","718,335","575,798","627,880","645,249",,,,,,,,,,,,,,,,,,,,,,,,,,,,,,,,,,,,,,,,
NM,"91,495","101,786","108,739","111,915","109,081","114,959","112,959","117,206","128,538","133,432","138,476","142,560","159,294","158,879","160,039","158,105","163,095","164,222","173,990","173,599","176,352","193,266","174,915","158,784","141,950","163,649","170,061","177,792","192,216","205,982","230,438","225,511","211,705","223,530","213,109","195,058","186,613","233,533","230,985","230,756","226,271","229,939","225,549","218,329","225,728","219,163","226,922","217,687","201,513","197,860","195,766","201,366","201,837","202,890","209,249","212,110","207,817","221,668","229,006","233,041","218,297","238,228","230,020",,,,,,,,,,,,,,,,,,,,,,,,,,,,,,,,,,,,,,,,
NV,"42,128","46,495","52,523","55,192","59,623","55,891","56,519","60,568","70,357","72,607","73,099","75,199","81,261","88,446","87,395","92,134","96,458","102,370","113,267","113,529","116,207","114,936","113,046","115,444","110,017","111,173","115,443","126,816","131,203","132,861","132,736","138,198","141,152","146,016","154,154","161,155","178,132","177,800","183,785","196,380","204,781","205,062","208,486","214,567","228,042","238,007","253,259","256,009","231,386","210,162","253,266","248,873","248,400","253,333","253,580","257,123","268,106","278,014","278,556","278,757","226,354","260,568","276,460",,,,,,,,,,,,,,,,,,,,,,,,,,,,,,,,,,,,,,,,
NY,"798,991","817,690","814,306","834,563","856,273","881,479","927,999","979,823","1,014,732","1,072,914","1,096,026","1,133,043","1,130,470","1,182,571","1,066,921","1,047,313","1,106,424","1,093,209","1,100,762","1,087,004","1,025,285","959,685","860,423","786,603","722,037","843,105","859,382","907,929","867,379","873,244","924,917","899,701","877,100","891,037","879,781","907,434","948,753","947,881","955,660","963,720","967,958","965,220","986,985","1,055,802","1,099,725","1,064,997","1,087,817","1,085,971","1,083,752","1,059,114","1,208,117","1,136,157","1,108,928","1,122,005","1,184,542","1,159,678","1,203,713","1,213,184","1,223,546","1,193,783","906,515","1,046,037","1,128,053",,,,,,,,,,,,,,,,,,,,,,,,,,,,,,,,,,,,,,,,
OH,"485,351","476,674","501,737","512,660","532,666","547,041","576,454","589,544","627,031","652,827","673,772","690,765","745,062","775,848","752,257","762,026","799,373","815,803","837,738","814,919","787,355","763,779","735,829","737,986","749,567","758,239","785,393","811,168","818,474","824,496","803,347","794,154","787,552","823,219","838,456","852,975","884,383","914,027","930,740","958,094","984,879","977,988","984,700","992,410","1,014,201","1,012,495","1,021,246","1,028,491","983,234","923,409","895,326","883,519","856,481","871,607","891,952","893,103","888,724","896,902","902,550","896,546","817,630","875,031","871,779",,,,,,,,,,,,,,,,,,,,,,,,,,,,,,,,,,,,,,,,
OK,"150,704","156,466","164,839","173,978","177,495","181,452","191,749","199,061","215,738","221,482","241,452","247,329","262,416","272,534","269,250","278,451","298,112","312,494","320,848","318,780","308,459","330,085","350,617","345,022","345,747","340,783","324,441","331,045","337,054","356,262","340,214","348,184","374,952","363,564","376,090","359,989","381,541","375,036","382,455","400,473","425,637","465,135","435,153","444,999","412,086","438,257","449,700","459,438","462,022","442,492","454,409","443,583","445,884","443,410","480,259","470,075","470,340","479,158","488,491","475,915","427,319","455,351","455,970",,,,,,,,,,,,,,,,,,,,,,,,,,,,,,,,,,,,,,,,
OR,"111,092","115,567","119,261","122,235","126,944","133,578","146,168","151,597","171,929","175,449","182,682","191,250","206,121","219,989","210,357","213,818","226,422","241,437","264,161","271,247","239,648","249,758","250,383","236,388","231,840","241,257","246,074","263,019","281,170","284,154","280,194","301,116","304,209","292,748","301,233","296,990","307,947","310,753","326,079","328,916","319,886","306,150","312,253","310,180","321,745","330,060","337,910","343,925","323,578","325,604","317,487","302,510","297,928","300,209","303,096","298,833","300,248","308,360","317,243","311,855","279,037","302,092","305,575",,,,,,,,,,,,,,,,,,,,,,,,,,,,,,,,,,,,,,,,
PA,"535,692","515,493","531,568","554,094","565,983","571,089","592,897","627,774","677,724","688,075","717,976","746,453","799,027","813,116","782,416","769,147","838,028","857,038","866,683","850,396","817,577","775,996","729,733","741,641","757,863","762,969","792,878","838,811","870,235","819,622","842,516","840,002","856,819","877,788","886,345","901,532","896,228","933,731","956,920","967,862","998,648","995,655","999,706","987,901","1,016,354","1,033,665","1,028,834","1,023,313","973,005","963,105","958,193","955,489","939,402","938,914","937,983","915,838","901,761","910,426","909,110","921,207","784,767","848,755","852,459",,,,,,,,,,,,,,,,,,,,,,,,,,,,,,,,,,,,,,,,
RI,"61,311","53,281","52,092","53,405","49,676","53,889","56,047","63,794","59,019","58,304","63,334","67,447","65,334","60,210","58,376","56,998","55,344","55,427","54,546","54,400","52,167","51,201","50,621","50,925","54,087","50,730","56,422","60,804","61,893","60,866","57,830","57,997","56,859","57,039","56,070","57,906","58,610","64,938","62,809","65,366","65,131","65,690","65,010","63,894","62,104","62,115","64,661","63,767","60,496","62,361","62,534","59,423","56,575","56,992","60,994","60,629","56,857","57,824","59,932","59,269","50,364","54,813","57,306",,,,,,,,,,,,,,,,,,,,,,,,,,,,,,,,,,,,,,,,
SC,"126,208","129,567","142,484","151,254","145,094","147,298","157,498","159,278","179,569","185,719","198,589","207,758","217,321","234,328","229,943","229,440","245,155","253,229","265,931","263,808","248,132","246,357","246,668","252,018","263,410","265,569","274,879","271,519","298,884","289,639","308,567","318,063","306,881","311,468","317,872","318,370","325,962","340,229","359,539","370,957","378,736","382,124","390,050","393,778","447,812","426,716","445,720","443,626","433,734","444,790","458,785","450,670","436,844","453,385","445,516","467,831","481,936","490,039","489,055","481,887","433,646","476,968","463,578",,,,,,,,,,,,,,,,,,,,,,,,,,,,,,,,,,,,,,,,
SD,"41,074","43,017","45,861","47,646","46,663","45,202","47,210","47,932","51,664","51,576","53,555","58,358","61,204","61,434","60,379","62,018","65,702","68,191","69,568","70,279","63,204","60,032","61,601","59,941","61,918","65,547","60,615","62,356","64,623","64,771","65,961","64,087","72,993","73,241","78,214","79,805","79,338","77,445","79,996","83,197","84,690","83,083","90,621","85,133","86,438","88,269","88,259","92,108","87,283","89,562","94,193","94,097","98,572","96,126","99,018","101,321","100,623","99,896","101,053","100,104","97,347","102,514","101,986",,,,,,,,,,,,,,,,,,,,,,,,,,,,,,,,,,,,,,,,
TN,"174,077","189,698","201,900","215,915","221,891","230,861","248,978","257,828","277,502","296,060","308,383","325,417","355,659","388,248","380,946","390,254","406,098","418,416","443,273","450,307","408,896","408,735","398,309","396,070","426,527","434,199","465,660","458,225","466,234","477,732","466,321","440,683","460,343","485,212","499,427","523,839","541,590","546,092","556,277","574,004","583,020","579,917","613,319","629,706","630,261","645,188","648,770","651,802","611,819","595,902","616,466","613,748","593,907","598,374","612,699","620,759","633,565","639,326","647,132","667,072","614,808","668,879","663,844",,,,,,,,,,,,,,,,,,,,,,,,,,,,,,,,,,,,,,,,
TX,"797,661","814,145","835,619","860,527","888,449","919,603","950,843","1,002,771","1,096,279","1,159,513","1,212,068","1,258,232","1,360,829","1,486,367","1,509,541","1,562,028","1,614,344","1,728,153","1,826,422","1,880,719","1,802,055","1,826,225","1,883,216","1,880,769","1,960,057","2,027,528","2,073,455","2,032,666","2,146,110","2,150,031","2,155,244","2,103,266","2,149,543","2,135,807","2,196,665","2,165,210","2,338,876","2,402,607","2,524,138","2,509,764","2,563,154","2,674,516","2,768,698","2,669,824","2,698,058","2,722,989","2,855,197","2,885,457","2,801,426","2,690,582","2,664,201","2,687,682","2,697,182","2,954,364","2,938,494","2,993,959","3,087,828","3,116,611","3,228,239","3,341,678","2,849,591","3,173,982","3,268,785",,,,,,,,,,,,,,,,,,,,,,,,,,,,,,,,,,,,,,,,
UT,"64,511","60,626","65,915","66,515","66,941","70,642","78,749","77,711","83,491","87,960","91,544","98,351","103,196","109,665","112,423","113,847","116,248","121,394","130,166","131,650","126,763","122,808","121,883","126,099","128,479","132,132","141,909","146,203","151,122","143,100","148,687","154,513","157,455","163,603","166,811","181,276","189,839","197,637","202,063","209,020","220,789","212,266","219,784","223,913","232,663","236,788","260,507","259,897","240,226","231,552","226,162","242,319","235,013","239,799","242,189","249,955","255,294","259,491","275,787","272,292","252,657","268,893","280,572",,,,,,,,,,,,,,,,,,,,,,,,,,,,,,,,,,,,,,,,
VA,"290,155","271,498","279,501","294,215","309,745","332,226","349,062","376,536","389,886","421,502","446,103","469,468","484,381","499,236","474,824","467,402","489,360","501,270","513,369","502,922","481,807","483,845","466,091","476,808","482,446","502,735","531,461","568,731","600,367","577,191","583,572","569,474","565,605","574,939","586,919","596,472","605,177","623,570","633,793","646,505","682,814","683,988","688,136","715,453","769,919","781,553","804,398","806,026","748,809","727,613","765,853","736,342","742,087","743,489","768,226","762,997","786,893","794,349","810,200","822,398","692,783","739,525","734,172",,,,,,,,,,,,,,,,,,,,,,,,,,,,,,,,,,,,,,,,
VT,"19,285","18,903","19,451","19,720","20,186","21,156","22,648","24,252","25,602","26,604","29,255","30,302","32,532","33,907","33,188","33,366","35,461","37,970","38,017","36,867","33,912","34,053","31,745","34,097","36,467","36,959","37,654","42,609","44,201","42,008","42,074","42,481","44,946","47,312","47,859","49,731","51,665","50,799","50,106","52,481","51,827","51,851","51,047","51,874","53,305","54,018","54,227","53,319","50,595","52,091","50,224","48,972","47,891","48,656","48,245","48,648","49,005","47,756","44,606","46,318","39,047","42,467","42,153",,,,,,,,,,,,,,,,,,,,,,,,,,,,,,,,,,,,,,,,
WA,"180,036","184,219","191,594","193,700","200,150","206,177","224,453","248,014","282,701","290,038","291,218","298,118","302,950","329,183","329,108","351,937","367,995","378,494","406,591","437,456","416,127","405,569","379,960","366,333","392,825","414,158","482,614","497,324","520,170","561,286","570,855","579,560","645,979","592,415","609,347","633,374","622,436","638,399","603,293","614,612","626,321","599,230","583,758","585,003","603,864","612,861","628,971","667,337","607,166","597,403","555,394","570,235","571,846","585,084","572,866","611,899","680,480","656,291","656,479","677,139","506,656","603,272","621,062",,,,,,,,,,,,,,,,,,,,,,,,,,,,,,,,,,,,,,,,
WI,"179,925","178,398","186,286","193,358","198,182","202,452","215,119","222,717","238,768","254,799","271,267","283,044","300,747","313,343","311,658","318,552","332,023","343,009","360,252","354,661","328,937","320,729","303,312","305,153","304,796","311,118","317,003","319,153","341,123","343,688","341,152","340,589","346,888","356,002","379,489","387,380","395,039","397,553","416,933","427,108","419,128","420,917","426,136","419,988","436,795","435,873","439,632","442,434","432,246","421,735","434,756","420,086","418,945","415,942","445,744","440,599","437,727","431,582","457,358","452,409","404,426","434,408","439,921",,,,,,,,,,,,,,,,,,,,,,,,,,,,,,,,,,,,,,,,
WV,"84,624","79,495","80,104","86,105","89,808","97,881","101,521","101,783","108,551","93,096","108,454","116,907","126,479","138,959","135,849","139,406","142,708","151,070","154,215","152,872","146,605","143,411","137,495","147,345","156,917","155,590","139,565","145,124","149,467","150,231","146,864","144,778","159,657","165,632","177,018","177,819","162,736","176,591","184,117","179,513","185,760","182,823","182,001","170,239","179,107","180,393","179,262","177,410","160,262","166,939","171,528","165,734","174,625","169,270","169,926","173,682","182,549","172,013","192,694","185,433","170,218","195,796","191,671",,,,,,,,,,,,,,,,,,,,,,,,,,,,,,,,,,,,,,,,
WY,"41,322","40,098","43,961","40,499","39,029","44,301","44,954","54,471","54,341","57,799","57,405","61,918","61,663","67,768","69,252","66,067","71,190","75,273","85,116","87,482","88,441","88,739","79,562","67,063","68,415","68,801","63,799","77,408","83,531","84,494","81,244","75,947","79,985","84,504","83,152","95,893","95,955","97,960","101,099","115,332","108,883","110,784","109,864","121,106","115,100","119,090","122,430","125,829","123,844","119,933","121,369","112,145","117,678","113,402","117,709","111,445","112,583","112,477","115,899","116,170","107,119","108,872","104,592",,,,,,,,,,,,,,,,,,,,,,,,,,,,,,,,,,,,,,,,
US,"10,591,837","10,764,688","11,215,042","11,650,946","11,994,851","12,429,817","13,097,008","13,747,348","14,860,830","15,500,626","16,090,272","16,722,042","17,712,544","18,611,887","18,115,798","18,241,426","19,097,982","19,820,369","20,616,503","20,469,674","19,693,802","19,512,436","19,087,509","19,172,278","19,651,104","20,085,521","20,786,542","21,467,884","22,316,398","22,474,916","22,418,621","22,115,350","22,413,573","22,670,634","23,317,614","23,813,549","24,419,614","24,730,098","25,223,704","25,915,603","26,516,575","26,237,033","26,807,877","26,883,791","27,831,132","28,266,529","28,705,373","28,825,272","27,437,986","26,609,799","26,982,928","26,590,342","26,119,748","26,608,192","26,868,436","27,241,105","27,787,680","28,016,649","28,465,869","28,585,731","24,359,579","27,070,813","27,632,002",,,,,,,,,,,,,,,,,,,,,,,,,,,,,,,,,,,,,,,,
,,,,,,,,,,,,,,,,,,,,,,,,,,,,,,,,,,,,,,,,,,,,,,,,,,,,,,,,,,,,,,,,,,,,,,,,,,,,,,,,,,,,,,,,,,,,,,,,,,,,,,,
,,,,,,,,,,,,,,,,,,,,,,,,,,,,,,,,,,,,,,,,,,,,,,,,,,,,,,,,,,,,,,,,,,,,,,,,,,,,,,,,,,,,,,,,,,,,,,,,,,,,,,,
,,,,,,,,,,,,,,,,,,,,,,,,,,,,,,,,,,,,,,,,,,,,,,,,,,,,,,,,,,,,,,,,,,,,,,,,,,,,,,,,,,,,,,,,,,,,,,,,,,,,,,,
,,,,,,,,,,,,,,,,,,,,,,,,,,,,,,,,,,,,,,,,,,,,,,,,,,,,,,,,,,,,,,,,,,,,,,,,,,,,,,,,,,,,,,,,,,,,,,,,,,,,,,,
,,,,,,,,,,,,,,,,,,,,,,,,,,,,,,,,,,,,,,,,,,,,,,,,,,,,,,,,,,,,,,,,,,,,,,,,,,,,,,,,,,,,,,,,,,,,,,,,,,,,,,,
,,,,,,,,,,,,,,,,,,,,,,,,,,,,,,,,,,,,,,,,,,,,,,,,,,,,,,,,,,,,,,,,,,,,,,,,,,,,,,,,,,,,,,,,,,,,,,,,,,,,,,,
,,,,,,,,,,,,,,,,,,,,,,,,,,,,,,,,,,,,,,,,,,,,,,,,,,,,,,,,,,,,,,,,,,,,,,,,,,,,,,,,,,,,,,,,,,,,,,,,,,,,,,,
,,,,,,,,,,,,,,,,,,,,,,,,,,,,,,,,,,,,,,,,,,,,,,,,,,,,,,,,,,,,,,,,,,,,,,,,,,,,,,,,,,,,,,,,,,,,,,,,,,,,,,,
,,,,,,,,,,,,,,,,,,,,,,,,,,,,,,,,,,,,,,,,,,,,,,,,,,,,,,,,,,,,,,,,,,,,,,,,,,,,,,,,,,,,,,,,,,,,,,,,,,,,,,,
,,,,,,,,,,,,,,,,,,,,,,,,,,,,,,,,,,,,,,,,,,,,,,,,,,,,,,,,,,,,,,,,,,,,,,,,,,,,,,,,,,,,,,,,,,,,,,,,,,,,,,,
,,,,,,,,,,,,,,,,,,,,,,,,,,,,,,,,,,,,,,,,,,,,,,,,,,,,,,,,,,,,,,,,,,,,,,,,,,,,,,,,,,,,,,,,,,,,,,,,,,,,,,,
,,,,,,,,,,,,,,,,,,,,,,,,,,,,,,,,,,,,,,,,,,,,,,,,,,,,,,,,,,,,,,,,,,,,,,,,,,,,,,,,,,,,,,,,,,,,,,,,,,,,,,,
,,,,,,,,,,,,,,,,,,,,,,,,,,,,,,,,,,,,,,,,,,,,,,,,,,,,,,,,,,,,,,,,,,,,,,,,,,,,,,,,,,,,,,,,,,,,,,,,,,,,,,,
,,,,,,,,,,,,,,,,,,,,,,,,,,,,,,,,,,,,,,,,,,,,,,,,,,,,,,,,,,,,,,,,,,,,,,,,,,,,,,,,,,,,,,,,,,,,,,,,,,,,,,,
